197.918640000000,68.341021890000 
198.393101674021,68.307664891826 
198.867537293926,68.272041300456 
199.341946856475,68.230987063767 
199.816330358430,68.187830723782 
200.290687796553,68.146430880301 
200.765019167604,68.106141582752 
201.239324468345,68.067243332596 
201.713603695538,68.029710760353 
202.187856845943,67.993228736621 
202.662083916322,67.958347068825 
203.136284903437,67.924198949766 
203.610459804048,67.891866669728 
204.084608614917,67.859973089060 
204.558731332805,67.830092787944 
205.032827954475,67.800377222853 
205.506898476686,67.772855411354 
205.980942896200,67.745335110221 
206.454961209779,67.647913597930 
206.928953414184,67.547569588433 
207.402919506177,67.495203189428 
207.876859482518,67.451298121620 
208.350773339969,67.305060324637 
208.824661075291,67.122907359498 
209.298522685247,67.112996690309 
209.772358166595,67.204242513567 
210.246167516100,67.242101629609 
210.719950730521,67.230597009522 
211.193707806620,67.223173359979 
211.667438741158,67.221648889390 
212.141143530897,67.214632178698 
212.614822172598,67.194675601155 
213.088474663022,67.182838480924 
213.562100998931,67.206343639947 
214.035701177086,67.228589648924 
214.509275194248,67.235406869917 
214.982823047179,67.242223708890 
215.456344732640,67.231085539186 
215.929840247392,67.219272201573 
216.403309588196,67.234984159608 
216.876752751815,67.255483177914 
217.350169735009,67.286296582547 
217.823560534540,67.320738770095 
218.296925147168,67.322039538167 
218.770263569656,67.303649071179 
219.243575798765,67.315087619970 
219.716861831255,67.354657207450 
220.190121663889,67.316038152947 
220.663355293428,67.160988712153 
221.136562716632,67.078702093412 
221.609743930264,67.175758716092 
222.082898931084,67.270997295696 
222.556027715854,67.357697742702 
223.029130281336,67.438331456819 
223.502206624290,67.426576539397 
223.975256741479,67.414822265969 
224.448280629662,67.368855646999 
224.921278285602,67.321003251457 
225.394249706060,67.266915059291 
225.867194887798,67.211584271428 
226.340113827576,67.125650974292 
226.813006522156,67.027772485090 
227.285872968299,66.922974717026 
227.758713162767,66.813653468608 
228.231527102321,66.609188748510 
228.704314783722,66.305580440453 
229.177076203732,65.991909427391 
229.649811359112,65.661425708584 
230.122520246623,65.447336211691 
230.595202863026,65.565866820728 
231.067859205084,65.642086528105 
231.540489269557,65.465960281345 
232.013093053206,65.290245017398 
232.485670552794,65.128619256145 
232.958221765080,64.967002491943 
233.430746686828,64.425904165084 
233.903245314797,63.848031135463 
234.375717645750,64.022469055650 
234.848163676447,64.390613101647 
235.320583403650,64.485946319738 
235.792976824120,64.452081089301 
236.265343934619,64.438388270150 
236.737684731908,64.440432524644 
237.209999212749,64.213119456131 
237.682287373901,63.699339178392 
238.154549212128,63.425577125639 
238.626784724190,63.645158494309 
239.098993906849,63.924481627319 
239.571176756866,64.429054263907 
240.043333271002,64.897406911236 
240.515463446018,65.007601390741 
240.987567278677,65.117789715023 
241.459644765738,65.259179229738 
241.931695903965,65.401404905753 
242.403720690117,64.895832820585 
242.875719120957,64.280697809545 
243.347691193245,64.720861243700 
243.819636903743,65.538179183772 
244.291556249212,66.013803767559 
244.763449226414,66.278062811992 
245.235315832110,66.492297791158 
245.707156063061,66.656251827165 
246.178969916029,66.819474455505 
246.650757387775,66.981506205801 
247.122518475060,67.014179888273 
247.594253174645,66.678159178061 
248.065961483293,66.482833696918 
248.537643397763,67.152809096823 
249.009298914819,67.812697225033 
249.480928031220,67.972883980604 
249.952530743728,68.133061776905 
250.424107049106,68.315370409242 
250.895656944113,68.500146746228 
251.367180425511,68.673610179211 
251.838677490062,68.843852176412 
252.310148134527,69.019055643020 
252.781592355667,69.196834793282 
253.253010150243,69.351215963705 
253.724401515018,69.485400204826 
254.195766446752,69.636868687438 
254.667104942206,69.812670505176 
255.138416998142,69.982136249332 
255.609702611322,70.136378673729 
256.080961778506,70.291588302921 
256.552194496456,70.451493368797 
257.023400761934,70.611125017104 
257.494580571700,70.765687460717 
257.965733922515,70.920241217328 
258.436860811142,71.073586303624 
258.907961234342,71.226828661167 
259.379035188876,71.380013336383 
259.850082671505,71.533177490735 
260.321103678990,71.687529223115 
260.792098208093,71.842430712631 
261.263066255576,71.995544435558 
261.734007818199,72.147243645755 
262.204922892724,72.296156217699 
262.675811475912,72.441454612567 
263.146673564525,72.587715788981 
263.617509155324,72.736114685919 
264.088318245070,72.884455464180 
264.559100830524,73.032572359503 
265.029856908449,73.179124752218 
265.500586475605,73.302690253596 
265.971289528753,73.426248807566 
266.441966064655,73.550102020699 
266.912616080073,73.673967854756 
267.383239571767,73.776655943840 
267.853836536498,73.874511287066 
268.324406971030,73.965607684392 
268.794950872121,74.053656314783 
269.265468236535,74.128610595035 
269.735959061032,74.193450914630 
270.206423342373,74.245752323267 
270.676861077320,74.282017558252 
271.147272262635,74.311572297652 
271.617656895078,74.326406809845 
272.088014971411,74.336029769415 
272.558346488395,74.323017750321 
273.028651442792,74.308074885931 
273.498929831363,74.263359727018 
273.969181650869,74.218647104672 
274.439406898071,74.156439950255 
274.909605569731,74.093009214083 
275.379777662611,74.019909785813 
275.849923173471,73.944512444255 
276.320042099073,73.862502730162 
276.790134436178,73.777395112610 
277.260200181548,73.681381473769 
277.730239331944,73.576573602504 
278.200251884126,73.466284443725 
278.670237834858,73.348610091346 
279.140197180899,73.231941314742 
279.610129919012,73.117628575369 
280.080036045957,73.003168408732 
280.549915558496,72.887965050176 
281.019768453390,72.772675081437 
281.489594727401,72.655271303153 
281.959394377289,72.537874175675 
282.429167399817,72.418107910047 
282.898913791746,72.298123672108 
283.368633549836,72.175328376890 
283.838326670849,72.051767387669 
284.307993151547,71.917423473860 
284.777632988691,71.777423593371 
285.247246179042,71.627459816693 
285.716832719362,71.468536633141 
286.186392606411,71.302204227575 
286.655925836952,71.124612124083 
287.125432407745,70.922377415548 
287.594912315553,70.652533120953 
288.064365557135,70.379452714935 
288.533792129254,70.085925951695 
289.003192028670,69.792215750276 
289.472565252146,69.469296792923 
289.941911796443,69.146396192447 
290.411231658321,68.778463002675 
290.880524834543,68.404187463029 
291.349791321869,68.037792603050 
291.819031117061,67.674102886986 
292.288244216880,67.316175307253 
292.757430618088,66.961872556495 
293.226590317445,66.611594937135 
293.695723311714,66.265624421483 
294.164829597655,65.924563151705 
294.633909172030,65.592546929797 
295.102962031601,65.265908489277 
295.571988173128,64.958341537622 
296.040987593372,64.652278814325 
296.509960289096,64.361757556755 
296.978906257061,64.071252856600 
297.447825494027,63.795979483506 
297.916717996757,63.521438421899 
298.385583762011,63.280881809491 
298.854422786550,63.047675396690 
299.323235067137,62.816646716195 
299.792020600533,62.586605959742 
300.260779383498,62.360041597976 
300.729511412795,62.136252064238 
301.198216685184,61.925175736672 
301.666895197427,61.731441631064 
302.135546946285,61.541317152096 
302.604171928520,61.360046499055 
303.072770140893,61.180220944988 
303.541341580165,61.008209487281 
304.009886243097,60.836427635137 
304.478404126451,60.674851110878 
304.946895226988,60.513283811169 
305.415359541470,60.359986986523 
305.883797066658,60.207755090835 
306.352207799312,60.061222750215 
306.820591736196,59.916576249424 
307.288948874069,59.779722977577 
307.757279209693,59.647710937381 
308.225582739830,59.521196359742 
308.693859461241,59.400595679982 
309.162109370687,59.282603757386 
309.630332464929,59.169531878469 
310.098528740729,59.057300430509 
310.566698194849,58.948204131200 
311.034840824049,58.839797394868 
311.502956625090,58.739894524645 
311.971045594735,58.639997381124 
312.439107729745,58.548792484240 
312.907143026880,58.458165565036 
313.375151482902,58.371736163158 
313.843133094573,58.286349330990 
314.311087858654,58.203591887312 
314.779015771906,58.122162534889 
315.246916831091,58.044945255119 
315.714791032969,57.971497724941 
316.182638374302,57.899712393943 
316.650458851852,57.830520137121 
317.118252462380,57.762006975510 
317.586019202647,57.695493169628 
318.053759069414,57.629792864296 
318.521472059443,57.570331025156 
318.989158169496,57.510872613878 
319.456817396333,57.455036710438 
319.924449736715,57.399289905870 
320.392055187405,57.346684081417 
320.859633745164,57.294685905279 
321.327185406752,57.245808479314 
321.794710168931,57.198271363159 
322.262208028463,57.151697647210 
322.729678982109,57.105878701754 
323.197123026630,57.061672817607 
323.664540158787,57.019677773703 
324.131930375342,56.978207252188 
324.599293673056,56.938066612314 
325.066630048691,56.898304966093 
325.533939499008,56.860810830080 
326.001222020768,56.823323858419 
326.468477610732,56.787746849183 
326.935706265662,56.752171892615 
327.402907982319,56.717449361314 
327.870082757465,56.682864513149 
328.337230587860,56.651876660805 
328.804351470267,56.622275471884 
329.271445401446,56.593895719915 
329.738512378159,56.566396671286 
330.205552397167,56.540882890155 
330.672565455231,56.517893902204 
331.139551549114,56.495114927656 
331.606510675575,56.472826891166 
332.073442831377,56.450646588548 
332.540348013281,56.429037919388 
333.007226218048,56.407507219356 
333.474077442439,56.390857848487 
333.940901683217,56.374209430599 
334.407698937141,56.359564698858 
334.874469200974,56.345211089976 
335.341212471476,56.333492920716 
335.807928745410,56.322744629010 
336.274618019536,56.312573929591 
336.741280290616,56.302807330196 
337.207915555411,56.294502540794 
337.674523810683,56.288016409863 
338.141105053192,56.282028370601 
338.607659279701,56.277188670211 
339.074186486970,56.273273390109 
339.540686671761,56.274245459941 
340.007159830835,56.275250910208 
340.473605960953,56.278401429736 
340.940025058877,56.281551759722 
341.406417121369,56.287425590288 
341.872782145189,56.293700990942 
342.339120127098,56.303422150640 
342.805431063859,56.314435469146 
343.271714952232,56.328193708591 
343.737971788979,56.343917069628 
344.204201570861,56.362083688865 
344.670404294640,56.383385379755 
345.136579957076,56.405779677938 
345.602728554932,56.430812177580 
346.068850084967,56.456885779159 
346.534944543945,56.488973183026 
347.001011928626,56.521065282156 
347.467052235771,56.556163142694 
347.933065462142,56.591258977149 
348.399051604500,56.635989650448 
348.865010659607,56.682334065983 
349.330942624224,56.732058722657 
349.796847495111,56.783160289464 
350.262725269031,56.840288756202 
350.728575942745,56.902076225765 
351.194399513014,56.964903871796 
351.660195976599,57.029185096771 
352.125965330262,57.098070825283 
352.591707570764,57.179383024896 
353.057422694867,57.261172459099 
353.523110699332,57.346383799878 
353.988771580919,57.431590176509 
354.454405336391,57.525601807364 
354.920011962509,57.619825652413 
355.385591456034,57.715681000948 
355.851143813727,57.811870333050 
356.316669032350,57.915288247423 
356.782167108664,58.022100492036 
357.247638039431,58.131477189457 
357.713081821411,58.243108644905 
358.178498451367,58.349723098860 
358.643887926059,58.448277935469 
359.109250242249,58.545941678605 
359.574585396698,58.640714049328 
360.039893386167,58.733728137235 
360.505174207418,58.808047051185 
360.970427857212,58.882361613166 
361.435654332310,58.947429124475 
361.900853629475,59.011865462712 
362.366025745466,59.054658853610 
362.831170677046,59.091588628178 
363.296288420976,59.112816760554 
363.761378974017,59.125098409314 
364.226442332930,59.129419839712 
364.691478494477,59.125353940048 
365.156487455419,59.105347081918 
365.621469212517,59.053914518604 
366.086423762533,59.002055044179 
366.551351102228,58.948315729734 
367.016251228364,58.892836433679 
367.481124137702,58.789240251598 
367.945969827002,58.685650134577 
368.410788293027,58.592293951401 
368.875579532538,58.500288390963 
369.340343542296,58.371211657020 
369.805080319062,58.228589064384 
370.269789859598,58.091669021904 
370.734472160665,57.958870731241 
371.199127219025,57.811724003191 
371.663755031438,57.645443598695 
372.128355594666,57.478373811918 
372.592928905471,57.309220467998 
373.057474960613,57.139223024413 
373.521993756855,56.963187256350 
373.986485290957,56.787161813427 
374.450949559681,56.605396815779 
374.915386559788,56.423470165752 
375.379796288039,56.240311324717 
375.844178741196,56.056886363155 
376.308533916020,55.867008563337 
376.772861809272,55.673877756155 
377.237162417715,55.481312122673 
377.701435738108,55.289288174458 
378.165681767214,55.099946013372 
378.629900501793,54.915427019287 
379.094091938608,54.730848464625 
379.558256074419,54.546003750187 
380.022392905987,54.361661947747 
380.486502430075,54.187036848684 
380.950584643443,54.012422023952 
381.414639542853,53.840999824205 
381.878667125066,53.669966960793 
382.342667386843,53.499534204833 
382.806640324946,53.329320380939 
383.270585936137,53.160800066968 
383.734504217175,52.993492613784 
384.198395164823,52.825602112731 
384.662258775843,52.656928128784 
385.126095046995,52.494900355385 
385.589903975040,52.350656117763 
386.053685556741,52.206286783466 
386.517439788858,52.060905373493 
386.981166668152,51.915532529984 
387.444866191386,51.772486692657 
387.908538355320,51.629547443774 
388.372183156716,51.488537963164 
388.835800592335,51.348008942323 
389.299390658938,51.207827142416 
389.762953353287,51.067839504107 
390.226488672143,50.934796147996 
390.689996612268,50.809019566662 
391.153477170422,50.682912828048 
391.616930343367,50.556131708220 
392.080356127865,50.430244402685 
392.543754520676,50.308589584574 
393.007125518563,50.186990585253 
393.470469118286,50.068512885324 
393.933785316606,49.950042195759 
394.397074110286,49.831722147374 
394.860335496086,49.713433050999 
395.323569470767,49.601288557077 
395.786776031092,49.491799752621 
396.249955173821,49.381881256213 
396.713106895716,49.271597201020 
397.176231193538,49.163940551502 
397.639328064048,49.060556658026 
398.102397504008,48.958152949143 
398.565439510179,48.859185997824 
399.028454079323,48.760181244421 
399.491441208200,48.660515608235 
399.954400893572,48.560855871384 
400.417333132201,48.463976863282 
400.880237920847,48.367406765630 
401.343115256272,48.270380999166 
401.805965135238,48.173199952853 
402.268787554505,48.079328429228 
402.731582510835,47.987847287915 
403.194350000990,47.898797399817 
403.657090021731,47.813102915970 
404.119802569818,47.727281585598 
404.582487642014,47.641087772172 
405.045145235080,47.554887863456 
405.507775345776,47.468589311461 
405.970377970865,47.382295895435 
406.432953107108,47.295580758667 
406.895500751266,47.208841579139 
407.358020900100,47.123116649982 
407.820513550372,47.037691349167 
408.282978698843,46.956549370203 
408.745416342274,46.878125642814 
409.207826477427,46.799517163837 
409.670209101063,46.720681329821 
410.132564209943,46.642623828363 
410.594891800829,46.566495469864 
411.057191870482,46.490711654839 
411.519464415663,46.417340557514 
411.981709433134,46.343973834717 
412.443926919656,46.270268556865 
412.906116871991,46.196553534467 
413.368279286899,46.125677322009 
413.830414161142,46.055527855898 
414.292521491482,45.986229001277 
414.754601274679,45.917424953770 
415.216653507495,45.848465958879 
415.678678186692,45.779330931991 
416.140675309030,45.711157518710 
416.602644871271,45.645175094103 
417.064586870177,45.579206794259 
417.526501302508,45.513305079642 
417.988388165027,45.447407294990 
418.450247454493,45.381610656483 
418.912079167670,45.315820454606 
419.373883301317,45.252823819822 
419.835659852197,45.190486916453 
420.297408817070,45.127987197686 
420.759130192699,45.065399200990 
421.220823975843,45.003319273248 
421.682490163266,44.941793134896 
422.144128751727,44.881155006341 
422.605739737989,44.822468535168 
423.067323118813,44.763753657599 
423.528878890959,44.704855431154 
423.990407051190,44.645960726229 
424.451907596266,44.587675320472 
424.913380522950,44.529406257144 
425.374825828002,44.471975286527 
425.836243508183,44.414740608982 
426.297633560256,44.357358094943 
426.758995980981,44.299895792369 
427.220330767119,44.243583594014 
427.681637915433,44.188528928183 
428.142917422683,44.134231267413 
428.604169285630,44.081615721639 
429.065393501037,44.028975909881 
429.526590065664,43.976173293931 
429.987758976272,43.923373842717 
430.448900229624,43.870953456633 
430.910013822480,43.818546467461 
431.371099751601,43.766458065468 
431.832158013750,43.714449268445 
432.293188605687,43.662324739356 
432.754191524174,43.610135307331 
433.215166765971,43.559240363757 
433.676114327841,43.509823657065 
434.137034206544,43.461239609338 
434.597926398843,43.414619400117 
435.058790901498,43.367982169848 
435.519627711270,43.321212138856 
435.980436824922,43.274444917458 
436.441218239214,43.227444455999 
436.901971950907,43.180436365009 
437.362697956764,43.133215654431 
437.823396253544,43.085939554767 
438.284066838011,43.038585976089 
438.744709706924,42.991185319293 
439.205324857046,42.944130584388 
439.665912285137,42.897505211505 
440.126471987960,42.851422491205 
440.587003962275,42.806768523658 
441.047508204843,42.762103219529 
441.507984712426,42.717318568792 
441.968433481786,42.672536621771 
442.428854509683,42.628418929073 
442.889247792879,42.584352590682 
443.349613328136,42.542777617507 
443.809951112214,42.501993498917 
444.270261141876,42.461158086282 
444.730543413881,42.420287348766 
445.190797924992,42.379381117776 
445.651024671971,42.338423752494 
446.111223651577,42.297423394314 
446.571394860573,42.256282813525 
447.031538295720,42.215136630383 
447.491653953780,42.173882894144 
447.951741831513,42.132631657167 
448.411801925681,42.091276777691 
448.871834233045,42.049911967119 
449.331838750367,42.009799534328 
449.791815474408,41.970172222205 
450.251764401929,41.930758159835 
450.711685529692,41.891520797465 
451.171578854458,41.852258603888 
451.631444372988,41.812953062309 
452.091282082044,41.773840661527 
452.551091978386,41.735500801802 
453.010874058777,41.697185583435 
453.470628319978,41.659793668375 
453.930354758750,41.622404013355 
454.390053371854,41.584934842294 
454.849724156051,41.547453333584 
455.309367108104,41.510215259346 
455.768982224773,41.473096568046 
456.228569502819,41.436840269783 
456.688128939005,41.401455466994 
457.147660530090,41.366045167678 
457.607164272838,41.330578652097 
458.066640164008,41.295101782779 
458.526088200362,41.259553309972 
458.985508378663,41.224006991651 
459.444900695670,41.190206150319 
459.904265148145,41.156464136496 
460.363601732850,41.123037117615 
460.822910446546,41.089694516616 
461.282191285995,41.056307671018 
461.741444247957,41.022893816507 
462.200669329193,40.989449357871 
462.659866526467,40.955964888069 
463.119035836537,40.922463457330 
463.578177256167,40.888909793203 
464.037290782117,40.855352131307 
464.496376411149,40.821728339183 
464.955434140024,40.788106577063 
465.414463965502,40.754419732532 
465.873465884347,40.720727711149 
466.332439893318,40.689092590461 
466.791385989178,40.658241460728 
467.250304168687,40.627547042094 
467.709194428608,40.596983518094 
468.168056765700,40.566408082286 
468.626891176726,40.535810671552 
469.085697658447,40.505174152775 
469.544476207625,40.474361129488 
470.003226821020,40.443547668573 
470.461949495394,40.412408950313 
470.920644227508,40.381272128130 
471.379311014124,40.350083379039 
471.837949852003,40.318885263265 
472.296560737906,40.287646847416 
472.755143668594,40.256387292141 
473.213698640830,40.226726937522 
473.672225651374,40.198898462951 
474.130724696987,40.171335970181 
474.589195774431,40.144437761500 
475.047638880468,40.117548261146 
475.506054011858,40.090721369306 
475.964441165363,40.063896122027 
476.422800337745,40.037082297792 
476.881131525764,40.010270928471 
477.339434726182,39.983075358439 
477.797709935760,39.955746347865 
478.255957151260,39.928392792909 
478.714176369443,39.901020201825 
479.172367587070,39.873631600773 
479.630530800902,39.846215379946 
480.088666007702,39.818818819541 
480.546773204230,39.791498899748 
481.004852387247,39.764182480761 
481.462903553515,39.737038062755 
481.920926699796,39.709895310012 
482.378921822850,39.682726248644 
482.836888919439,39.655553018846 
483.294827986324,39.628359730812 
483.752739020267,39.601156088825 
484.210622018029,39.574597888984 
484.668476976371,39.548797051332 
485.126303892055,39.523156390445 
485.584102761842,39.497933562102 
486.041873582492,39.472708600965 
486.499616350769,39.447448522717 
486.957331063432,39.422189992018 
487.415017717244,39.396896379047 
487.872676308965,39.371600559513 
488.330306835357,39.346749788093 
488.787909293181,39.322071490368 
489.245483679199,39.297412511121 
489.703029990172,39.272770430529 
490.160548222861,39.248115968767 
490.618038374028,39.223437341401 
491.075500440433,39.198753677815 
491.532934418839,39.174038418982 
491.990340306007,39.149324689687 
492.447718098697,39.125505970068 
492.905067793671,39.101708000329 
493.362389387692,39.077883370641 
493.819682877519,39.054052841172 
494.276948259914,39.030202282091 
494.734185531639,39.006339198353 
495.191394689454,38.982535920549 
495.648575730122,38.958815138461 
496.105728650404,38.935452112535 
496.562853447060,38.913274737717 
497.019950116853,38.891097329181 
497.477018656543,38.868890662111 
497.934059062892,38.846685351803 
498.391071332662,38.824453958411 
498.848055462613,38.802219301819 
499.305011449507,38.780050227602 
499.761939290105,38.757914500479 
500.218838981168,38.736320180890 
500.675710519459,38.715314609105 
501.132553901738,38.694303529920 
501.589369124766,38.673277108860 
502.046156185305,38.652249620677 
502.502915080117,38.631202360916 
502.959645805962,38.610156399725 
503.416348359601,38.589090371864 
503.873022737798,38.568023578221 
504.329668937311,38.546527948230 
504.786286954904,38.524867982139 
505.242876787337,38.503195830601 
505.699438431371,38.481513118510 
506.155971883768,38.459823050771 
506.612477141290,38.438117578036 
507.068954200697,38.416409589967 
507.525403058751,38.394681331964 
507.981823712213,38.372954409461 
508.438216157844,38.352798521862 
508.894580392407,38.332708970334 
509.350916412662,38.312754339447 
509.807224215370,38.292841099329 
510.263503797293,38.272923450118 
510.719755155193,38.253002901956 
511.175978285830,38.233079860619 
511.632173185965,38.213152100613 
512.088339852361,38.193332602070 
512.544478281779,38.173959910774 
513.000588470979,38.154588711233 
513.456670416724,38.135437949298 
513.912724115774,38.116288369337 
514.368749564892,38.097120971476 
514.824746760837,38.077950261647 
515.280715700372,38.058766249984 
515.736656380258,38.039574370831 
516.192568797255,38.020516600115 
516.648452948127,38.001641748019 
517.104308829633,37.982879318805 
517.560136438536,37.964492958446 
518.015935771596,37.946107041146 
518.471706825575,37.927702908967 
518.927449597234,37.909299910112 
519.383164083335,37.890881180674 
519.838850280638,37.872460410783 
520.294508185906,37.854082470569 
520.750137795899,37.835728490165 
521.205739107379,37.817710669715 
521.661312117108,37.800100829339 
522.116856821846,37.782487199155 
522.572373218355,37.764860519290 
523.027861303396,37.747233779869 
523.483321073730,37.729590281018 
523.938752526119,37.711947888987 
524.394155657325,37.694290121655 
524.849530464108,37.676630901392 
525.304876943230,37.659263328365 
525.760195091452,37.642040240323 
526.215484905536,37.624956219794 
526.670746382242,37.608026820660 
527.125979518333,37.591096219318 
527.581184310569,37.574160759607 
528.036360755712,37.557225701648 
528.491508850524,37.540284211842 
528.946628591764,37.523343770307 
529.401719976196,37.506336690890 
529.856783000580,37.489321689978 
530.311817661677,37.471875081469 
530.766823956249,37.454230861697 
531.221801881058,37.436578400735 
531.676751432864,37.418917208724 
532.131672608428,37.401251559673 
532.586565404513,37.383573379825 
533.041429817880,37.365894549304 
533.496265845289,37.348199368238 
533.951073483503,37.330505280642 
534.405852729281,37.314168748959 
534.860603579387,37.297996750733 
535.315326030581,37.282527108981 
535.770020079625,37.267368450679 
536.224685723279,37.252204079223 
536.679322958306,37.237033841391 
537.133931781466,37.221860570619 
537.588512189521,37.206678730350 
538.043064179232,37.191496560694 
538.497587747361,37.176303128417 
538.952082890668,37.161110640312 
539.406549605916,37.145781829800 
539.860987889865,37.130437800342 
540.315397739276,37.115074618671 
540.769779150913,37.099703541661 
541.224132121534,37.084326809271 
541.678456647903,37.068944228378 
542.132752726779,37.053558689093 
542.587020354925,37.038164601528 
543.041259529102,37.022777559018 
543.495470246071,37.007452258446 
543.949652502594,36.992127909914 
544.403806295432,36.977077740151 
544.857931621345,36.962062569294 
545.312028477096,36.947038640758 
545.766096859446,36.932011231342 
546.220136765156,36.916977911154 
546.674148190988,36.901938260299 
547.128131133702,36.886895548883 
547.582085590061,36.871843640330 
548.036011556825,36.856821371429 
548.489909030756,36.842133199005 
548.943778008615,36.827445939731 
549.397618487164,36.813250210402 
549.851430463163,36.799124741147 
550.305213933374,36.785000468961 
550.758968894559,36.770877240169 
551.212695343479,36.756755128647 
551.666393276895,36.742634170719 
552.120062691569,36.728514250262 
552.573703584261,36.714395630490 
553.027315951734,36.700294111501 
553.480899790747,36.686446490283 
553.934455098064,36.672599740059 
554.387981870445,36.658978550888 
554.841480104652,36.645396179861 
555.294949797445,36.631809390077 
555.748390945586,36.618220618634 
556.201803545837,36.604629108626 
556.655187594958,36.591033960151 
557.108543089712,36.577437740309 
557.561870026860,36.563836219195 
558.015168403162,36.550250439908 
558.468438215380,36.537095609554 
558.921679460276,36.523941611153 
559.374892134610,36.511157099030 
559.828076235145,36.498450399014 
560.281231758641,36.485740121160 
560.734358701860,36.473027979948 
561.187457061563,36.460313711079 
561.640526834511,36.447596119031 
562.093568017467,36.434877869509 
562.546580607190,36.422154829798 
562.999564600443,36.409432589987 
563.452519993987,36.396412430173 
563.905446784583,36.383392800443 
564.358344968992,36.370019850916 
564.811214543977,36.356554308692 
565.264055506297,36.343083289813 
565.716867852715,36.329608611407 
566.169651579991,36.316130720596 
566.622406684888,36.302646900450 
567.075133164166,36.289162131067 
567.527831014587,36.275669169565 
567.980500232912,36.262177069061 
568.433140815903,36.249264039547 
568.885752760320,36.236377851130 
569.338336062926,36.224559080968 
569.790890720480,36.213101199481 
570.243416729746,36.201640339246 
570.695914087484,36.190177010317 
571.148382790455,36.178712160242 
571.600822835422,36.167243419102 
572.053234219144,36.155774579514 
572.505616938383,36.144300399027 
572.957970989902,36.132826950256 
573.410296370461,36.121347980750 
573.862593076821,36.109869090588 
574.314861105743,36.097984729847 
574.767100453990,36.085923851227 
575.219311118323,36.073859719511 
575.671493095502,36.061792070120 
576.123646382289,36.049722910473 
576.575770975446,36.037648490656 
577.027866871734,36.025574310755 
577.479934067913,36.013493110858 
577.931972560746,36.001412671049 
578.383982346994,35.989325938743 
578.835963423418,35.977238719391 
579.287915786780,35.965481000344 
579.739839433840,35.953911309145 
580.191734361361,35.942487570977 
580.643600566102,35.931261590842 
581.095438044827,35.920034848886 
581.547246794295,35.908803330142 
581.999026811270,35.897572509720 
582.450778092511,35.886335460186 
582.902500634780,35.875099109134 
583.354194434838,35.863858009133 
583.805859489447,35.852616120263 
584.257495795369,35.841412510115 
584.709103349363,35.830237928790 
585.160682148193,35.819165198838 
585.612232188618,35.808276250275 
586.063753467402,35.797386980786 
586.515245981303,35.786492160451 
586.966709727085,35.775598039346 
587.418144701509,35.764697879964 
587.869550901335,35.753797869968 
588.320928323325,35.742893399436 
588.772276964241,35.731987510864 
589.223596820843,35.721078719496 
589.674887889894,35.710166960244 
590.126150168154,35.699408350759 
590.577383652385,35.689043351094 
591.028588339347,35.678701979128 
591.479764225804,35.668700819428 
591.930911308515,35.658700299811 
592.382029584242,35.648695760350 
592.833119049747,35.638691018896 
593.284179701790,35.628683439960 
593.735211537133,35.618674469176 
594.186214552538,35.608663871054 
594.637188744766,35.598650669006 
595.088134110577,35.588637029765 
595.539050646734,35.578619578962 
595.989938349998,35.568602778907 
596.440797217130,35.558742869626 
596.891627244891,35.548887159020 
597.342428430044,35.539041739344 
597.793200769348,35.529200020669 
598.243944259565,35.519355870883 
598.694658897458,35.509509760056 
599.145344679786,35.499662450442 
599.596001603312,35.489811949928 
600.046629664797,35.479961500770 
600.497228861001,35.470106610853 
600.947799188687,35.460252340247 
601.398340644616,35.450476079033 
601.848853225549,35.440710579478 
602.299336928248,35.431499269440 
602.749791749473,35.422568039019 
603.200217685986,35.413635230278 
603.650614734548,35.404700299315 
604.100982891922,35.395764850160 
604.551322154867,35.386826210896 
605.001632520146,35.377888129600 
605.451913984520,35.368945780307 
605.902166544749,35.360004009111 
606.352390197596,35.351059010048 
606.802584939822,35.342113529203 
607.252750768188,35.333099140637 
607.702887679455,35.324031080414 
608.152995670385,35.314800220607 
608.603074737739,35.305252699199 
609.053124878278,35.295705130461 
609.503146088765,35.286153340239 
609.953138365959,35.276602170723 
610.403101706622,35.267046689859 
610.853036107517,35.257491249840 
611.302941565403,35.247932740735 
611.752818077043,35.238373040488 
612.202665639198,35.228811499167 
612.652484248628,35.219247548970 
613.102273902097,35.209722579956 
613.552034596363,35.200328560076 
614.001766328190,35.190937859455 
614.451469094338,35.182236850110 
614.901142891569,35.173536410163 
615.350787716644,35.164833139678 
615.800403566325,35.156129480652 
616.249990437372,35.147423959276 
616.699548326547,35.138717069486 
617.149077230612,35.130009299407 
617.598577146327,35.121299179102 
618.048048070454,35.112589160573 
618.497489999755,35.103875820005 
618.946902930990,35.095163039397 
619.396286860922,35.086410970761 
619.845641786311,35.077654130267 
620.294967703918,35.068653489920 
620.744264610506,35.059525569787 
621.193532502835,35.050396059942 
621.642771377667,35.041264280454 
622.091981231762,35.032132059354 
622.541162061884,35.022996420775 
622.990313864792,35.013861370716 
623.439436637248,35.004721979242 
623.888530376013,34.995583080488 
624.337595077849,34.986440960451 
624.786630739517,34.977298189195 
625.235637357779,34.968153350860 
625.684614929395,34.959006709425 
626.133563451127,34.950217180957 
626.582482919737,34.942270019652 
627.031373331985,34.934344179455 
627.480234684633,34.926695640262 
627.929066974443,34.919047600436 
628.377870198176,34.911397520031 
628.826644352592,34.903747450808 
629.275389434454,34.896096029412 
629.724105440522,34.888443939309 
630.172792367559,34.880791190553 
630.621450212325,34.873137079790 
631.070078971582,34.865482990485 
631.518678642090,34.857826859282 
631.967249220612,34.850171219639 
632.415790703909,34.842308749931 
632.864303088742,34.834430470198 
633.312786371872,34.826319310509 
633.761240550061,34.818107430915 
634.209665620070,34.809894209632 
634.658061578660,34.801679400391 
635.106428422593,34.793464159586 
635.554766148630,34.785246399109 
636.003074753532,34.777029140852 
636.451354234061,34.768808439375 
636.899604586978,34.760588270239 
637.347825809045,34.752365519834 
637.796017897022,34.744142400055 
638.244180847671,34.735917629125 
638.692314657754,34.727691570776 
639.140419324031,34.719534079571 
639.588494843264,34.711526199227 
640.036541212215,34.703520529782 
640.484558427644,34.695534469507 
640.932546486313,34.687548920244 
641.380505384984,34.679560680268 
641.828435120417,34.671572389636 
642.276335689374,34.663582290190 
642.724207088617,34.655591260203 
643.172049314906,34.647599299734 
643.619862365004,34.639605530625 
644.067646235670,34.631611709363 
644.515400923668,34.623615189577 
644.963126425757,34.615619189548 
645.410822738700,34.607762319322 
645.858489859257,34.599918390714 
646.306127784191,34.592496140262 
646.753736510262,34.585269059834 
647.201316034231,34.578041049447 
647.648866352861,34.570811820761 
648.096387462912,34.563582400599 
648.543879361145,34.556351030628 
648.991342044323,34.549120129284 
649.438775509206,34.541886679851 
649.886179752555,34.534653640767 
650.333554771133,34.527418780467 
650.780900561699,34.520183600620 
651.228217121017,34.512947319660 
651.675504445847,34.505709999267 
652.122762532950,34.498555639489 
652.569991379087,34.491619750324 
653.017190981021,34.484701720294 
653.464361335512,34.478219349485 
653.911502439321,34.471737409430 
654.358614289211,34.465253870156 
654.805696881942,34.458770250262 
655.252750214275,34.452285639793 
655.699774282973,34.445800370247 
656.146769084796,34.439314680221 
656.593734616506,34.432827739760 
657.040670874863,34.426340980365 
657.487577856630,34.419852370630 
657.934455558568,34.413364180602 
658.381303977437,34.406874270328 
658.828123110000,34.400384419852 
659.274912953018,34.393753830697 
659.721673503251,34.387035439951 
660.168404757462,34.380230930648 
660.615106712412,34.373283819807 
661.061779364861,34.366336770547 
661.508422711572,34.359387729820 
661.955036749305,34.352439149233 
662.401621474823,34.345488460392 
662.848176884886,34.338537950235 
663.294702976255,34.331586030370 
663.741199745693,34.324633589288 
664.187667189959,34.317680410156 
664.634105305817,34.310726049909 
665.080514090026,34.303771620155 
665.526893539349,34.296815329387 
665.973243650546,34.289859500771 
666.419564420380,34.282937789684 
666.865855845610,34.276018689297 
667.312117923000,34.269138649646 
667.758350649309,34.262275659242 
668.204554021300,34.255411849672 
668.650728035733,34.248546979450 
669.096872689370,34.241681970164 
669.542987978973,34.234815240324 
669.989073901302,34.227948969980 
670.435130453119,34.221080440722 
670.881157631185,34.214212299520 
671.327155432263,34.207342589503 
671.773123853112,34.200472580722 
672.219062890494,34.193601680147 
672.664972541171,34.186729809369 
673.110852801904,34.179897169971 
673.556703669454,34.173182150460 
674.002525140583,34.166471149446 
674.448317212052,34.160389329836 
674.894079880622,34.154307920264 
675.339813143055,34.148225259412 
675.785516996112,34.142142490053 
676.231191436554,34.136058999501 
676.676836461143,34.129974870531 
677.122452066640,34.123890550456 
677.568038249806,34.117805069320 
678.013595007403,34.111719919899 
678.459122336191,34.105633079506 
678.904620232933,34.099546639550 
679.350088694390,34.093458900077 
679.795527717322,34.087371099763 
680.240937298492,34.081282540021 
680.686317434660,34.075193389540 
681.131668122589,34.069283139722 
681.576989359039,34.063798500505 
682.022281140771,34.058321719512 
682.467543464547,34.052987520425 
682.912776327129,34.047653669675 
683.357979725277,34.042318809697 
683.803153655753,34.036983960530 
684.248298115318,34.031648529816 
684.693413100734,34.026312709991 
685.138498608762,34.020976709895 
685.583554636164,34.015639889566 
686.028581179700,34.010303320243 
686.473578236132,34.004965529567 
686.918545802221,33.999628079973 
687.363483874729,33.994289610303 
687.808392450416,33.988951180595 
688.253271526045,33.983620039688 
688.698121098377,33.978294490019 
689.142941164173,33.972986590428 
689.587731720193,33.967715569761 
690.032492763201,33.962444770436 
690.477224289956,33.957172800119 
690.921926297221,33.951901180033 
691.366598781756,33.946628540216 
691.811241740323,33.941355969522 
692.255855169684,33.936082790360 
692.700439066599,33.930809260396 
693.144993427830,33.925535539670 
693.589518250138,33.920261070592 
694.034013530285,33.914986819641 
694.478479265032,33.909711390415 
694.922915451140,33.904436320580 
695.367322085371,33.899160230174 
695.811699164486,33.893884200422 
696.256046685246,33.888663400173 
696.700364644413,33.883483319485 
697.144653038747,33.878334609557 
697.588911865011,33.873250540400 
698.033141119965,33.868166689772 
698.477340800372,33.863081799996 
698.921510902991,33.857997239966 
699.365651424585,33.852911789719 
699.809762361916,33.847826420436 
700.253843711743,33.842740529866 
700.697895470829,33.837654330334 
701.141917635935,33.832567999588 
701.585910203822,33.827480989956 
702.029873171252,33.822394220329 
702.473806534986,33.817306389599 
702.917710291784,33.812218900094 
703.361584438410,33.807130529560 
703.805428971624,33.802042230325 
704.249243888186,33.796814320139 
704.693029184860,33.791477540182 
705.136784858405,33.786064240507 
705.580510905583,33.780478809930 
706.024207323156,33.774893659708 
706.467874107885,33.769307159901 
706.911511256532,33.763721040547 
707.355118765857,33.758133840430 
707.798696632621,33.752546649589 
708.242244853587,33.746958850585 
708.685763425516,33.741370589679 
709.129252345169,33.735782189431 
709.572711609306,33.730192859883 
710.016141214691,33.724603849815 
710.459541158083,33.719013470529 
710.902911436245,33.713423459543 
711.346252045937,33.707832409421 
711.789562983921,33.702241330203 
712.232844246958,33.697012779481 
712.676095831810,33.692111869668 
713.119317735238,33.687490079693 
713.562509954003,33.683625390401 
714.005672484866,33.679760940132 
714.448805324590,33.675895879786 
714.891908469935,33.672031080262 
715.334981917662,33.668165859846 
715.778025664533,33.664300690309 
716.221039707310,33.660435339936 
716.664024042753,33.656569809627 
717.106978667624,33.652704320283 
717.549903578684,33.648838420186 
717.992798772695,33.644972780238 
718.435664246417,33.641106529595 
718.878499996613,33.637240520030 
719.321306020044,33.633374129825 
719.764082313470,33.629507769880 
720.206828873654,33.625554090235 
720.649545697356,33.621500790024 
721.092232781338,33.617292050177 
721.534890122361,33.612491999758 
721.977517717187,33.607692259814 
722.420115562577,33.602891590406 
722.862683655292,33.598091170485 
723.305221992093,33.593290160086 
723.747730569743,33.588489060328 
724.190209385001,33.583687720163 
724.632658434631,33.578885939624 
725.075077715392,33.574084259833 
725.517467224046,33.569281789739 
725.959826957355,33.564479650463 
726.402156912080,33.559676619869 
726.844457084982,33.554873790163 
727.286727472823,33.550070420295 
727.728968072363,33.545266910300 
728.171178880365,33.540463200213 
728.613359893589,33.535659010070 
729.055511108797,33.530956579921 
729.497632522751,33.526960999794 
729.939724132211,33.522965689731 
730.381785933938,33.519269419720 
730.823817924695,33.515620559796 
731.265820101243,33.511971469990 
731.707792460342,33.508322320327 
732.149734998755,33.504673140010 
732.591647713242,33.501023689891 
733.033530600566,33.497374419995 
733.475383657486,33.493724680351 
733.917206880765,33.490075190159 
734.359000267163,33.486425300271 
734.800763813443,33.482775509889 
735.242497516366,33.479125539865 
735.684201372692,33.475475450226 
736.125875379184,33.471825390172 
736.567519532602,33.468175009731 
737.009133829708,33.464524869754 
737.450718267263,33.460874200271 
737.892272842029,33.457223769585 
738.333797550767,33.452861800486 
738.775292390238,33.448270420102 
739.216757357203,33.443678760445 
739.658192448424,33.439086789496 
740.099597660663,33.434494850409 
740.540972990680,33.429902290097 
740.982318435236,33.425310039633 
741.423633991095,33.420716930093 
741.864919655015,33.416124080468 
742.306175423760,33.411530699753 
742.747401294089,33.406937250062 
743.188597262765,33.402343600388 
743.629763326550,33.397749569724 
744.070899482203,33.393155650185 
744.512005726487,33.388561029724 
744.953082056162,33.383966710457 
745.394128467991,33.379371630334 
745.835144958735,33.374776730430 
746.276131525154,33.370219119741 
746.717088164010,33.365683910370 
747.158014872065,33.361343030275 
747.598911646080,33.357349799583 
748.039778482816,33.353356760156 
748.480615379035,33.349363130190 
748.921422331497,33.345369769715 
749.362199336965,33.341375909665 
749.802946392199,33.337382160071 
750.243663493961,33.333388160055 
750.684350639012,33.329394009646 
751.125007824113,33.325399859781 
751.565635046027,33.321405309583 
752.006232301514,33.317411019986 
752.446799587335,33.313416070115 
752.887336900252,33.309421389998 
753.327844237026,33.305426289664 
753.768321594419,33.301431210051 
754.208768969192,33.297435970280 
754.649186358106,33.293440500380 
755.089573757922,33.289445110382 
755.529931165402,33.285449240314 
755.970258577307,33.281453650206 
756.410555990399,33.277991060076 
756.850823401439,33.274567309989 
757.291060807188,33.271143349944 
757.731268204407,33.267719399966 
758.171445589859,33.264295420079 
758.611592960303,33.260871270309 
759.051710312502,33.257447279903 
759.491797643217,33.254022939664 
759.931854949209,33.250598839617 
760.371882227239,33.247174399788 
760.811879474069,33.243750100202 
761.251846686461,33.240325650105 
761.691783861175,33.236901160302 
762.131690994973,33.233476700039 
762.571568084616,33.230052010120 
763.011415126865,33.226627539791 
763.451232118482,33.223202649856 
763.891019056229,33.219778000341 
764.330775936866,33.216353089713 
764.770502757155,33.212928250334 
765.210199513857,33.209539879895 
765.649866203733,33.206191309972 
766.089502823545,33.202849499822 
766.529109370055,33.199533500226 
766.968685840023,33.196217729698 
767.408232230211,33.192901579772 
767.847748537380,33.189585609718 
768.287234758291,33.186269450315 
768.726690889706,33.182953290078 
769.166116928387,33.179637119786 
769.605512871094,33.176320760218 
770.044878714589,33.173004569890 
770.484214455632,33.169688020335 
770.923520090987,33.166371690068 
771.362795617413,33.163055059869 
771.802041031672,33.159738539761 
772.241256330526,33.156421889770 
772.680441510736,33.153105179919 
773.119596569063,33.149788510234 
773.558721502268,33.146471609983 
773.997816307113,33.143154929945 
774.436880980360,33.139751970152 
774.875915518768,33.136348809831 
775.314919919101,33.132388199818 
775.753894178119,33.128208150208 
776.192838292583,33.124027940071 
776.631752259255,33.119847460388 
777.070636074896,33.115667100239 
777.509489736268,33.111486179655 
777.948313240131,33.107305549618 
778.387106583248,33.103124340160 
778.825869762379,33.098943290359 
779.264602774286,33.094761920245 
779.703305615730,33.090580429850 
780.141978283473,33.086398910158 
780.580620774275,33.082217010245 
781.019233084899,33.078035340144 
781.457815212105,33.073853009885 
781.896367152654,33.069670970452 
782.334888903309,33.065488439968 
782.773380460831,33.061305960374 
783.211841821980,33.057123289790 
783.650272983518,33.052940390157 
784.088673942207,33.048792589614 
784.527044694808,33.044782350048 
784.965385238081,33.040772399684 
785.403695568790,33.037133870259 
785.841975683694,33.033527410134 
786.280225579555,33.029920710168 
786.718445253134,33.026313980386 
787.156634701194,33.022707229990 
787.594793920494,33.019100239831 
788.032922907797,33.015493439936 
788.471021659864,33.011886170331 
788.909090173456,33.008279160219 
789.347128445335,33.004671789627 
789.785136472261,33.001064510228 
790.223114250996,32.997457090404 
790.661061778302,32.993849550179 
791.098979050939,32.990242080404 
791.536866065670,32.986634270283 
791.974722819255,32.983026699841 
792.412549308456,32.979418669930 
792.850345530034,32.975810839753 
793.288111480751,32.972202750159 
793.725847157367,32.968594650351 
794.163552556644,32.964958560360 
794.601227675344,32.961275380208 
795.038872510228,32.957565799907 
795.476487058057,32.953583060382 
795.914071315592,32.949600589858 
796.351625279595,32.945617670186 
796.789148946827,32.941634849574 
797.226642314050,32.937651829872 
797.664105378024,32.933668650200 
798.101538135512,32.929685539677 
798.538940583274,32.925702000152 
798.976312718071,32.921718749835 
799.413654536666,32.917734899666 
799.850966035820,32.913751269674 
800.288247212292,32.909767329888 
800.725498062847,32.905783350339 
801.162718584243,32.901799310144 
801.599908773244,32.897814980244 
802.037068626609,32.893830839757 
802.474198141101,32.889846149625 
802.911297313481,32.885861739877 
803.348366140510,32.881876879631 
803.785404618949,32.877892109827 
804.222412745560,32.873907149585 
804.659390517104,32.869922019852 
805.096337930343,32.866130389784 
805.533254982037,32.863022120128 
805.970141668948,32.859914060221 
806.406997987838,32.856896500084 
806.843823935468,32.853885769756 
807.280619508599,32.850874909941 
807.717384703992,32.847864069973 
808.154119518409,32.844853249873 
808.590823948611,32.841842289665 
809.027497991359,32.838831510060 
809.464141643416,32.835820429701 
809.900754901541,32.832809569989 
810.337337762497,32.829798510259 
810.773890223044,32.826787539841 
811.210412279945,32.823776510138 
811.646903929960,32.820765419793 
812.083365169851,32.817754440208 
812.519795996379,32.814743250025 
812.956196406305,32.811732259957 
813.392566396391,32.808721000025 
813.828905963398,32.805709890253 
814.265215104088,32.802698669972 
814.701493815221,32.799687449894 
815.137742093560,32.796645060045 
815.573959935865,32.793534859744 
816.010147338897,32.790419499702 
816.446304299419,32.787078690004 
816.882430814191,32.783738109891 
817.318526879975,32.780397560153 
817.754592493532,32.777057160050 
818.190627651624,32.773716860371 
818.626632351011,32.770376640375 
819.062606588455,32.767036600088 
819.498550360718,32.763696550301 
819.934463664560,32.760356740272 
820.370346496743,32.757016910025 
820.806198854029,32.753677270352 
821.242020733179,32.750337699746 
821.677812130954,32.746998229763 
822.113573044115,32.743658929662 
822.549303469424,32.740319640234 
822.985003403642,32.736980589972 
823.420672843530,32.733641489666 
823.856311785850,32.730302610109 
824.291920227363,32.726963779790 
824.727498164831,32.723625080270 
825.163045595014,32.720286510038 
825.598562514675,32.716947999889 
826.034048920573,32.713647499865 
826.469504809472,32.710792719938 
826.904930178132,32.707938140143 
827.340325023314,32.705650429886 
827.775689341779,32.703521159796 
828.211023130290,32.701391919852 
828.646326385607,32.699262690070 
829.081599104492,32.697133559978 
829.516841283706,32.695004360080 
829.952052920011,32.692875309902 
830.387234010167,32.690746179950 
830.822384550936,32.688617170240 
831.257504539080,32.686488149809 
831.692593971359,32.684359170140 
832.127652844535,32.682230259782 
832.562681155370,32.680101320218 
832.997678900625,32.677972529997 
833.432646077060,32.675843630112 
833.867582681438,32.673714870091 
834.302488710520,32.671586079949 
834.737364161067,32.669457360191 
835.172209029840,32.667328689854 
835.607023313601,32.665199999933 
836.041807009111,32.663071439955 
836.476560113131,32.660942799936 
836.911282622423,32.658814299890 
837.345974533748,32.656685749835 
837.780635843868,32.654557289785 
838.215266549543,32.652428849757 
838.649866647535,32.650300419767 
839.084436134606,32.648172089831 
839.518975007516,32.646043699963 
839.953483263028,32.643915470181 
840.387960897902,32.641787150010 
840.822407908899,32.639658939956 
841.256824292782,32.637530740035 
841.691210046311,32.635402579773 
842.125565166247,32.633274490165 
842.559889649353,32.631146359758 
842.994183492389,32.629018380037 
843.428446692117,32.626890290039 
843.862679245298,32.624762349778 
844.296881148693,32.622634369761 
844.731052399064,32.620506460005 
845.165192993172,32.618378610034 
845.599302927778,32.616250739864 
846.033382199644,32.614123000002 
846.467430805531,32.611995159973 
846.901448742201,32.609867479793 
847.335436006414,32.607739739969 
847.769392594932,32.605612100025 
848.203318504517,32.603484489978 
848.637213731929,32.601356879843 
849.071078273930,32.599229370128 
849.504912127282,32.597101809866 
849.938715288745,32.594974390055 
850.372487755082,32.592846900220 
850.806229523053,32.590719519887 
851.239940589419,32.588592140052 
851.673620950943,32.586464800241 
852.107270604385,32.584337539979 
852.540889546506,32.582210229772 
852.974477774069,32.580083080127 
853.408035283834,32.577955830079 
853.841562072563,32.575828720135 
854.275058137016,32.573701589818 
854.708523473956,32.571574520128 
855.141958080144,32.569447510097 
855.575361952341,32.567320470234 
856.008735087308,32.565193570062 
856.442077481807,32.563066570089 
856.875389132599,32.560939729840 
857.308670036445,32.558812839821 
857.741920190107,32.556686030049 
858.175139590346,32.554559270047 
858.608328233923,32.552432489834 
859.041486117600,32.550305849914 
859.474613238138,32.548179109813 
859.907709592298,32.546052530038 
860.340775176843,32.543925890114 
860.773809988532,32.541799340056 
861.206814024127,32.539672829882 
861.639787280390,32.537546330096 
862.072729754082,32.535419930226 
862.505641441965,32.533293459794 
862.938522340799,32.531167149800 
863.371372447346,32.529040759767 
863.804191758367,32.526914490205 
864.236980270625,32.524788220144 
864.669737980879,32.522661990094 
865.102464885891,32.520535840069 
865.535160982424,32.518409650086 
865.967826267237,32.516283610161 
866.400460737092,32.514157469818 
866.833064388752,32.512031460055 
867.265637218976,32.509905449907 
867.698179224526,32.507779489879 
868.130690402165,32.505653599989 
868.563170748652,32.503527679761 
868.995620260749,32.501401910193 
869.428038935219,32.499276029827 
869.860426768821,32.497150300153 
870.292783758318,32.495024540205 
870.725109900470,32.492898859998 
871.157405192039,32.490773220039 
871.589669629787,32.488647569854 
872.021903210474,32.486522059949 
872.454105930863,32.484396449848 
872.886277787713,32.482270990060 
873.318418777788,32.480145490109 
873.750528897847,32.478020070011 
874.182608144652,32.475894689780 
874.614656514966,32.473769309926 
875.046674005548,32.471644059973 
875.478660613161,32.469518719935 
875.910616334565,32.467393529830 
876.342541166522,32.465268290165 
876.774435105794,32.463143149972 
877.206298149141,32.461018029758 
877.638130293325,32.458892930033 
878.069931535108,32.456767939827 
878.501701871250,32.454642870142 
878.933441298513,32.452517960007 
879.365149813659,32.450392979933 
879.796827413448,32.448268119934 
880.228474094642,32.446143260026 
880.660089854003,32.444018430226 
881.091674688291,32.441893700058 
881.523228594268,32.439768920028 
881.954751568695,32.437644290154 
882.386243608335,32.435519579959 
882.817704709947,32.433394979951 
883.249134870293,32.431270400146 
883.680534086135,32.429145850068 
884.111902354234,32.427021390225 
884.543239671352,32.424896880141 
884.974546034249,32.422772529831 
885.405821439686,32.420648079805 
885.837065884427,32.418523770077 
886.268279365231,32.416399450171 
886.699461878860,32.414275180104 
887.130613422075,32.412150989891 
887.561733991638,32.410026760041 
887.992823584310,32.407902690077 
888.423882196852,32.405778510016 
888.854909826026,32.403654469872 
889.285906468592,32.401530420155 
889.716872121313,32.399406429895 
890.147806780950,32.397282500094 
890.578710444264,32.395158559782 
891.009583108016,32.393034759961 
891.440424768968,32.390910860153 
891.871235423880,32.388787109882 
892.302015069515,32.386663320150 
892.732763702634,32.384539619987 
893.163481319997,32.382415959901 
893.594167918367,32.380292299909 
894.024823494504,32.378168770027 
894.455448045171,32.376045149777 
894.886041567127,32.373921680162 
895.316604057136,32.371798180211 
895.747135511957,32.369674749941 
896.177635928353,32.367551369860 
896.608105303084,32.365427989985 
897.038543632912,32.363304739838 
897.468950914599,32.361181409928 
897.899327144905,32.359058229778 
898.329672320592,32.356934999898 
898.759986438421,32.354811859810 
899.190269495154,32.352688760024 
899.620521487552,32.350565660061 
900.050742412376,32.348442689939 
900.480932266388,32.346319640166 
900.911091046349,32.344196749771 
901.341218749020,32.342073799758 
901.771315371163,32.339950940142 
902.201380909538,32.337828119953 
902.631415360908,32.335705300193 
903.061418722034,32.333582609891 
903.491390989676,32.331459840051 
903.921332160597,32.329337230195 
904.351242231558,32.327214559844 
904.781121199319,32.325091990003 
905.210969060643,32.322969450194 
905.640785812290,32.320846929939 
906.070571451022,32.318724510242 
906.500325973601,32.316602030130 
906.930049376787,32.314479710115 
907.359741657342,32.312357320211 
907.789402812027,32.310235039941 
908.219032837604,32.308112779814 
908.648631730834,32.305990549848 
909.078199488478,32.303868420057 
909.507736107298,32.301746229964 
909.937241584055,32.299624200079 
910.366715915510,32.297502099923 
910.796159098424,32.295380110008 
911.225571129560,32.293258139854 
911.654952005678,32.291136189972 
912.084301723539,32.289014349884 
912.513620279906,32.286892460099 
912.942907671538,32.284770720141 
913.372163895199,32.282648900024 
913.801388947648,32.280527199765 
914.230582825647,32.278405519873 
914.659745525958,32.276283869872 
915.088877045342,32.274162319776 
915.517977380560,32.272040710096 
915.947046528374,32.269919269860 
916.376084485545,32.267797740072 
916.805091248834,32.265676329759 
917.234066815003,32.263554929926 
917.663011180812,32.261433570095 
918.091924343024,32.259312309787 
918.520806298399,32.257191000008 
918.949657043700,32.255069839784 
919.378476575686,32.252948610120 
919.807264891121,32.250827490044 
920.236021986764,32.248706390066 
920.664747859377,32.246585330201 
921.093442505722,32.244464359972 
921.522105922560,32.242343339888 
921.950738106652,32.240222469967 
922.379339054760,32.238101530224 
922.807908763645,32.235980710180 
923.236447230067,32.233859909851 
923.664954450790,32.231739140244 
924.093430422573,32.229618469888 
924.521875142179,32.227497739791 
924.950288606368,32.225377169969 
925.378670811902,32.223256529941 
925.807021755543,32.221136010220 
926.235341434051,32.219015509831 
926.663629844188,32.216895029781 
927.091886982715,32.214774660086 
927.520112846394,32.212654229770 
927.948307431985,32.210533959842 
928.376470736251,32.208413619821 
928.804602755953,32.206293400218 
929.232703487851,32.204173190060 
929.660772928708,32.202053009858 
930.088811075284,32.199932940122 
930.516817924341,32.197812809879 
930.944793472641,32.195692840136 
931.372737716943,32.193572799916 
931.800650654012,32.191452870228 
932.228532280606,32.189332960096 
932.656382593487,32.187213080032 
933.084201589418,32.185093310052 
933.511989265159,32.182973480173 
933.939745617471,32.180853809913 
934.367470643116,32.178734069786 
934.795164338856,32.176614439807 
935.222826701451,32.174494839993 
935.650457727663,32.172375259863 
936.078057414253,32.170255799929 
936.505625757983,32.168136270208 
936.933162755613,32.166016890220 
937.360668403907,32.163897459981 
937.788142699623,32.161778140002 
938.215585639524,32.159658839804 
938.642997220372,32.157539569899 
939.070377438927,32.155420409807 
939.497726291951,32.153301190040 
939.925043776205,32.151182120118 
940.352329888451,32.149062990057 
940.779584625450,32.146943969874 
941.206807983963,32.144824980080 
941.633999960751,32.142706010195 
942.061160552577,32.140587160235 
942.488289756201,32.138468240217 
942.915387568384,32.136349480157 
943.342453985888,32.134230660070 
943.769489005474,32.132111949973 
944.196492623904,32.129993269881 
944.623464837939,32.127874609812 
945.050405644340,32.125756069780 
945.477315039868,32.123637459802 
945.904193021286,32.121518999894 
946.331039585353,32.119400490073 
946.757854728833,32.117282079857 
947.184638448485,32.115163709759 
947.611390741071,32.113045359796 
948.038111603353,32.110927129983 
948.464801032091,32.108808829841 
948.891459024048,32.106690669881 
949.318085575985,32.104572480119 
949.744680684662,32.102454380076 
950.171244346842,32.100336329767 
950.597776559285,32.098218280202 
951.024277318753,32.096100369907 
951.450746622007,32.093982369891 
951.877184465809,32.091864530170 
952.303590846919,32.089746649767 
952.729965762100,32.087628860188 
953.156309208112,32.085511129960 
953.582621181718,32.083393390091 
954.008901679677,32.081275790101 
954.435150698752,32.079158100006 
954.861368235704,32.077040569823 
955.287554287294,32.074923020063 
955.713708850284,32.072805540247 
956.139831921434,32.070688129894 
956.565923497507,32.068570690012 
956.991983575263,32.066453420123 
957.418012151464,32.064336050241 
957.844009222871,32.062218829886 
958.269974786246,32.060101600068 
958.695908838350,32.057984419809 
959.121811375943,32.055867330120 
959.547682395789,32.053750220021 
959.973521894647,32.051633260027 
960.399329869279,32.049516210153 
960.825106316447,32.047399289918 
961.250851232912,32.045282379836 
961.676564615435,32.043165519923 
962.102246460778,32.041048760195 
962.527896765701,32.038931950171 
962.953515526967,32.036815289866 
963.379102741336,32.034698569794 
963.804658405570,32.032581969972 
964.230182516430,32.030465379918 
964.655675070678,32.028348840146 
965.081136065074,32.026232400174 
965.506565496381,32.024115910018 
965.931963361359,32.021999570192 
966.357329656770,32.019883170215 
966.782664379376,32.017766890103 
967.207967525936,32.015650639871 
967.633239093214,32.013534410034 
968.058479077970,32.011418300110 
968.483687476965,32.009302120115 
968.908864286961,32.007186100065 
969.334009504720,32.005070029977 
969.759123127002,32.002954069866 
970.184205150568,32.000838140246 
970.609255572181,31.998722230139 
971.034274388602,31.996606450057 
971.459261596591,31.994490590017 
971.884217192911,31.992374890035 
972.309141174321,31.990259160128 
972.734033537585,31.988143509813 
973.158894279463,31.986027920102 
973.583723396717,31.983912320016 
974.008520886107,31.981796880069 
974.433286744396,31.979681339779 
974.858020968344,31.977565950158 
975.282723554713,31.975450560226 
975.707394500263,31.973335229999 
976.132033801758,31.971219969991 
976.556641455957,31.969104700219 
976.981217459623,31.966989580201 
977.405761809516,31.964874369953 
977.830274502398,31.962759309988 
978.254755535030,31.960644249825 
978.679204904173,31.958529239979 
979.103622606590,31.956414319967 
979.528008639040,31.954299369805 
979.952362998286,31.952184570009 
980.376685681089,31.950069700094 
980.800976684210,31.947954960079 
981.225236004411,31.945840239978 
981.649463638452,31.943725549808 
982.073659583096,31.941610980084 
982.497823835103,31.939496339825 
982.921956391234,31.937381870044 
983.346057248252,31.935267339759 
983.770126402918,31.933152919986 
984.194163851992,31.931038540239 
984.618169592237,31.928924180039 
985.042143620413,31.926809949898 
985.466085933281,31.924695639834 
985.889996527604,31.922581489862 
986.313875400143,31.920467299999 
986.737722547658,31.918353209762 
987.161537966911,31.916239170165 
987.585321654664,31.914125130226 
988.009073607678,31.912011249962 
988.432793822714,31.909897269887 
988.856482296533,31.907783440017 
989.280139025897,31.905669599871 
989.703764007567,31.903555829962 
990.127357238305,31.901442139809 
990.550918714872,31.899328419926 
990.974448434028,31.897214859830 
991.397946392537,31.895101220037 
991.821412587158,31.892987720064 
992.244847014653,31.890874229927 
992.668249671784,31.888760780141 
993.091620555311,31.886647440223 
993.514959661997,31.884534050190 
993.938266988602,31.882420820057 
994.361542531887,31.880307529841 
994.784786288615,31.878194350057 
995.207998255547,31.876081210222 
995.631178429444,31.873968089853 
996.054326807066,31.871855099965 
996.477443385176,31.869742040074 
996.900528160534,31.867629150197 
997.323581129903,31.865516199851 
997.746602290044,31.863403360050 
998.169591637717,31.861290559812 
998.592549169684,31.859177780151 
999.015474882707,31.857065140086 
999.438368773546,31.854952410132 
999.861230838964,31.852839839805 
1000.28406107572 ,31.850727259622 
1000.70685948058 ,31.848614747599 
1001.12962605030 ,31.846502309749 
1001.55236078164 ,31.844389861091 
1001.97506367137 ,31.842277561642 
1002.39773471625 ,31.840165181418 
1002.82037391303 ,31.838052940435 
1003.24298125848 ,31.835940718708 
1003.66555674936 ,31.833828531253 
1004.08810038243 ,31.831716458088 
1004.51061215446 ,31.829604339228 
1004.93309206220 ,31.827492369689 
1005.35554010241 ,31.825380349488 
1005.77795627186 ,31.823268438641 
1006.20034056731 ,31.821156562163 
1006.62269298552 ,31.819044720072 
1007.04501352325 ,31.816933002384 
1007.46730217726 ,31.814821219114 
1007.88955894432 ,31.812709590278 
1008.31178382118 ,31.810597920894 
1008.73397680460 ,31.808486360977 
1009.15613789136 ,31.806374850543 
1009.57826707820 ,31.804263339609 
1010.00036436189 ,31.802151988190 
1010.42242973920 ,31.800040531305 
1010.84446320687 ,31.797929238965 
1011.26646476168 ,31.795817941192 
1011.68843440039 ,31.793706707997 
1012.11037211975 ,31.791595559401 
1012.53227791654 ,31.789484380418 
1012.95415178750 ,31.787373371063 
1013.37599372940 ,31.785262281354 
1013.79780373900 ,31.783151321306 
1014.21958181307 ,31.781040390936 
1014.64132794836 ,31.778929490259 
1015.06304214164 ,31.776818719291 
1015.48472438966 ,31.774707878050 
1015.90637468920 ,31.772597201556 
1016.32799303700 ,31.770486479815 
1016.74957942984 ,31.768375857848 
1017.17113386447 ,31.766265290679 
1017.59265633765 ,31.764154738309 
1018.01414684615 ,31.762044330770 
1018.43560538672 ,31.759933828064 
1018.85703195614 ,31.757823490220 
1019.27842655115 ,31.755713132248 
1019.69978916852 ,31.753602859156 
1020.12111980502 ,31.751492660977 
1020.54241845739 ,31.749382437709 
1020.96368512242 ,31.747272379387 
1021.38491979685 ,31.745162231018 
1021.80612247744 ,31.743052237608 
1022.22729316097 ,31.740942249194 
1022.64843184419 ,31.738832310781 
1023.06953852385 ,31.736722482386 
1023.49061319673 ,31.734612609014 
1023.91165585959 ,31.732502890704 
1024.33266650918 ,31.730393122460 
1024.75364514226 ,31.728283459287 
1025.17459175561 ,31.726173861225 
1025.59550634597 ,31.724064258266 
1026.01638891012 ,31.721954810451 
1026.43723944480 ,31.719845267770 
1026.85805794679 ,31.717735890267 
1027.27884441285 ,31.715626507930 
1027.69959883973 ,31.713517190804 
1028.12032122420 ,31.711407968876 
1028.54101156301 ,31.709298712191 
1028.96166985294 ,31.707189620737 
1029.38229609074 ,31.705080449545 
1029.80289027317 ,31.702971418630 
1030.22345239700 ,31.700862408009 
1030.64398245898 ,31.698753437698 
1031.06448045588 ,31.696644587714 
1031.48494638445 ,31.694535678072 
1031.90538024147 ,31.692426928789 
1032.32578202368 ,31.690318139881 
1032.74615172786 ,31.688209451365 
1033.16648935076 ,31.686100818240 
1033.58679488915 ,31.683992190556 
1034.00706833978 ,31.681883728295 
1034.42730969942 ,31.679775161508 
1034.84751896483 ,31.677666760177 
1035.26769613277 ,31.675558359334 
1035.68784120000 ,31.673450008996 
1036.10795416328 ,31.671341769181 
1036.52803501938 ,31.669233479903 
1036.94808376505 ,31.667125361179 
1037.36810039706 ,31.665017178007 
1037.78808491216 ,31.662909130441 
1038.20803730713 ,31.660801108458 
1038.62795757872 ,31.658693112115 
1039.04784572369 ,31.656585251387 
1039.46770173880 ,31.654477331311 
1039.88752562081 ,31.652369561904 
1040.30731736650 ,31.650261758160 
1040.72707697261 ,31.648154060138 
1041.14680443591 ,31.646046417811 
1041.56649975316 ,31.643938781240 
1041.98616292112 ,31.641831300396 
1042.40579393655 ,31.639723730319 
1042.82539279622 ,31.637616311024 
1043.24495949688 ,31.635508897504 
1043.66449403530 ,31.633401539823 
1044.08399640824 ,31.631294297949 
1044.50346661246 ,31.629187011947 
1044.92290464472 ,31.627079881785 
1045.34231050178 ,31.624972702503 
1045.76168418040 ,31.622865639094 
1046.18102567735 ,31.620758621621 
1046.60033498938 ,31.618651620053 
1047.01961211326 ,31.616544769431 
1047.43885704575 ,31.614437829770 
1047.85806978361 ,31.612331051088 
1048.27725032361 ,31.610224258374 
1048.69639866249 ,31.608117551696 
1049.11551479703 ,31.606010931020 
1049.53459872398 ,31.603904281388 
1049.95365044011 ,31.601797787787 
1050.37266994218 ,31.599691230291 
1050.79165722695 ,31.597584808859 
1051.21061229118 ,31.595478418536 
1051.62953513163 ,31.593372059338 
1052.04842574506 ,31.591265831282 
1052.46728412824 ,31.589159539355 
1052.88611027793 ,31.587053398602 
1053.30490419088 ,31.584947249040 
1053.72366586386 ,31.582841180685 
1054.14239529363 ,31.580735188523 
1054.56109247696 ,31.578629177601 
1054.97975741059 ,31.576523337935 
1055.39839009130 ,31.574417419541 
1055.81699051584 ,31.572311642436 
1056.23555868099 ,31.570205881605 
1056.65409458348 ,31.568100172096 
1057.07259822010 ,31.565994578893 
1057.49106958760 ,31.563888932075 
1057.90950868274 ,31.561783451596 
1058.32791550229 ,31.559677932505 
1058.74629004300 ,31.557572509784 
1059.16463230163 ,31.555467158482 
1059.58294227496 ,31.553361798616 
1060.00121995973 ,31.551256610203 
1060.41946535271 ,31.549151328225 
1060.83767845066 ,31.547046207731 
1061.25585925035 ,31.544941078740 
1061.67400774853 ,31.542836021266 
1062.09212394197 ,31.540731070292 
1062.51020782742 ,31.538626080869 
1062.92825940165 ,31.536521257978 
1063.34627866142 ,31.534416371705 
1063.76426560349 ,31.532311601997 
1064.18222022462 ,31.530206888869 
1064.60014252157 ,31.528102202409 
1065.01803249111 ,31.525997657526 
1065.43589013000 ,31.523893019345 
1065.85371543499 ,31.521788557809 
1066.27150840286 ,31.519684077971 
1066.68926903035 ,31.517579679847 
1067.10699731423 ,31.515475368417 
1067.52469325127 ,31.513371038734 
1067.94235683822 ,31.511266860815 
1068.35998807184 ,31.509162629638 
1068.77758694891 ,31.507058530257 
1069.19515346617 ,31.504954467651 
1069.61268762039 ,31.502850421913 
1070.03018940833 ,31.500746527942 
1070.44765882675 ,31.498642560873 
1070.86509587241 ,31.496538750643 
1071.28250054209 ,31.494434932308 
1071.69987283252 ,31.492331190844 
1072.11721274049 ,31.490227541308 
1072.53452026274 ,31.488123868676 
1072.95179539604 ,31.486020358003 
1073.36903813715 ,31.483916779309 
1073.78624848284 ,31.481813337566 
1074.20342642986 ,31.479709937833 
1074.62057197498 ,31.477606560126 
1075.03768511495 ,31.475503329420 
1075.45476584654 ,31.473400020774 
1075.87181416651 ,31.471296869160 
1076.28883007162 ,31.469193709639 
1076.70581355863 ,31.467090642226 
1077.12276462431 ,31.464987651895 
1077.53968326541 ,31.462884638661 
1077.95656947870 ,31.460781787585 
1078.37342326093 ,31.458678878684 
1078.79024460887 ,31.456576101973 
1079.20703351929 ,31.454473362425 
1079.62378998893 ,31.452370650056 
1080.04051401457 ,31.450268069927 
1080.45720559296 ,31.448165432054 
1080.87386472086 ,31.446062951409 
1081.29049139505 ,31.443960458006 
1081.70708561227 ,31.441858051957 
1082.12364736929 ,31.439755728136 
1082.54017666287 ,31.437653391702 
1082.95667348977 ,31.435551207528 
1083.37313784676 ,31.433448970774 
1083.78956973059 ,31.431346861360 
1084.20596913802 ,31.429244789303 
1084.62233606583 ,31.427142749668 
1085.03867051076 ,31.425040842470 
1085.45497246958 ,31.422938877629 
1085.87124193906 ,31.420837080308 
1086.28747891594 ,31.418735260425 
1086.70368339700 ,31.416633517995 
1087.11985537900 ,31.414531878086 
1087.53599485869 ,31.412430210714 
1087.95210183284 ,31.410328700844 
1088.36817629821 ,31.408227138494 
1088.78421825156 ,31.406125708729 
1089.20022768966 ,31.404024311568 
1089.61620460925 ,31.401922951974 
1090.03214900711 ,31.399821729964 
1090.44806088000 ,31.397720440606 
1090.86394022467 ,31.395619308865 
1091.27978703790 ,31.393518169809 
1091.69560131643 ,31.391417108401 
1092.11138305703 ,31.389316149712 
1092.52713225647 ,31.387215158704 
1092.94284891150 ,31.385114330447 
1093.35853301889 ,31.383013449905 
1093.77418457539 ,31.380912692146 
1094.18980357777 ,31.378811982134 
1094.60539002279 ,31.376711289885 
1095.02094390721 ,31.374610760469 
1095.43646522779 ,31.372510148848 
1095.85195398130 ,31.370409700095 
1096.26741016449 ,31.368309249168 
1096.68283377412 ,31.366208871142 
1097.09822480697 ,31.364108590976 
1097.51358325978 ,31.362008288686 
1097.92890912932 ,31.359908139346 
1098.34420241235 ,31.357807947915 
1098.75946310564 ,31.355707879466 
1099.17469120594 ,31.353607868958 
1099.58988671002 ,31.351507861467 
1100.00504961463 ,31.349408021949 
1100.42017991654 ,31.347308090422 
1100.83527761251 ,31.345208321960 
1101.25034269930 ,31.343108571521 
1101.66537517367 ,31.341008879121 
1102.08037503239 ,31.338909299836 
1102.49534227221 ,31.336809678623 
1102.91027688989 ,31.334710220557 
1103.32517888220 ,31.332610730596 
1103.74004824591 ,31.330511348756 
1104.15488497776 ,31.328412030113 
1104.56968907452 ,31.326312719623 
1104.98446053296 ,31.324213562364 
1105.39919934983 ,31.322114338229 
1105.81390552189 ,31.320015262420 
1106.22857904591 ,31.317916209768 
1106.64321991865 ,31.315817210412 
1107.05782813687 ,31.313718339307 
1107.47240369733 ,31.311619401532 
1107.88694659679 ,31.309520632041 
1108.30145683202 ,31.307421840851 
1108.71593439977 ,31.305323147976 
1109.13037929680 ,31.303224538497 
1109.54479151988 ,31.301125912431 
1109.95917106578 ,31.299027459667 
1110.37351793124 ,31.296928940348 
1110.78783211303 ,31.294830549428 
1111.20211360791 ,31.292732211986 
1111.61636241265 ,31.290633897910 
1112.03057852401 ,31.288535742411 
1112.44476193874 ,31.286437500310 
1112.85891265361 ,31.284339421755 
1113.27303066538 ,31.282241351695 
1113.68711597080 ,31.280143350148 
1114.10116856665 ,31.278045462196 
1114.51518844969 ,31.275947527721 
1114.92917561667 ,31.273849771942 
1115.34313006435 ,31.271751969674 
1115.75705178950 ,31.269654281067 
1116.17094078888 ,31.267556651070 
1116.58479705925 ,31.265459039700 
1116.99862059738 ,31.263361592041 
1117.41241140001 ,31.261264057972 
1117.82616946392 ,31.259166677648 
1118.23989478586 ,31.257069321086 
