File Name,Error (degree),Yaxis Error (um)
r00000_17_08_16_0448.jpg,0.0000,0.0000
r00000_17_08_16_0449.jpg,-.1562,0.0000
r00000_17_08_16_0450.jpg,-.1617,0.0000
r00000_17_08_16_0451.jpg,-.1395,0.0000
r00000_17_08_16_0452.jpg,.0119,-117.8511
r00000_17_08_16_0453.jpg,-.0877,-117.8511
r00000_17_08_16_0454.jpg,-.1506,-235.7023
r00000_17_08_16_0455.jpg,.476,-117.8511
r00000_17_08_16_0456.jpg,-.194,-235.7023
r00000_17_08_16_0457.jpg,-.0877,-117.8511
r00000_17_08_16_0458.jpg,-.1395,-117.8511
r00000_17_08_16_0459.jpg,-.1562,-117.8511
r00001_17_08_16_0500.jpg,.8046,117.8511
r00001_17_08_16_0501.jpg,-.1671,0.0000
r00001_17_08_16_0502.jpg,-.035,0.0000
r00001_17_08_16_0503.jpg,-.1339,0.0000
r00001_17_08_16_0504.jpg,-.1282,-117.8511
r00001_17_08_16_0505.jpg,-.1833,-235.7023
r00001_17_08_16_0506.jpg,-.1506,-235.7023
r00001_17_08_16_0507.jpg,-.122,-353.5534
r00001_17_08_16_0508.jpg,-.1887,-235.7023
r00001_17_08_16_0509.jpg,-.035,-235.7023
r00001_17_08_16_0510.jpg,-.0177,-117.8511
r00001_17_08_16_0511.jpg,-.1562,-117.8511
r00002_17_08_16_0512.jpg,-.0118,0.0000
r00002_17_08_16_0513.jpg,-.2314,-117.8511
r00002_17_08_16_0514.jpg,-.1617,0.0000
r00002_17_08_16_0515.jpg,-.194,-117.8511
r00002_17_08_16_0516.jpg,-.1824,-353.5534
r00002_17_08_16_0517.jpg,-.0818,-117.8511
r00002_17_08_16_0518.jpg,-.1562,-235.7023
r00002_17_08_16_0519.jpg,-.1725,-235.7023
r00002_17_08_16_0520.jpg,-.0936,-117.8511
r00002_17_08_16_0521.jpg,-.1725,-235.7023
r00002_17_08_16_0522.jpg,-.1395,-117.8511
r00002_17_08_16_0523.jpg,-.1405,-235.7023
r00003_17_08_16_0524.jpg,.006,0.0000
r00003_17_08_16_0525.jpg,-.1617,0.0000
r00003_17_08_16_0526.jpg,-.1725,0.0000
r00003_17_08_16_0527.jpg,-.178,-117.8511
r00003_17_08_16_0528.jpg,-.1282,-235.7023
r00003_17_08_16_0529.jpg,-.1833,-235.7023
r00003_17_08_16_0530.jpg,.9909,0.0000
r00003_17_08_16_0531.jpg,-.2609,-235.7023
r00003_17_08_16_0532.jpg,-.1405,-353.5534
r00003_17_08_16_0533.jpg,-.0698,-117.8511
r00003_17_08_16_0534.jpg,-.1887,-235.7023
r00003_17_08_16_0535.jpg,-.0235,-117.8511
r00004_17_08_16_0536.jpg,-.1526,-235.7023
r00004_17_08_16_0537.jpg,-.0407,0.0000
r00004_17_08_16_0538.jpg,-.0393,117.8511
r00004_17_08_16_0539.jpg,-.1833,-117.8511
r00004_17_08_16_0540.jpg,-.1562,-117.8511
r00004_17_08_16_0541.jpg,-.178,-235.7023
r00004_17_08_16_0542.jpg,-.0577,-117.8511
r00004_17_08_16_0543.jpg,-.178,-235.7023
r00004_17_08_16_0544.jpg,-.1466,-353.5534
r00004_17_08_16_0545.jpg,-.1617,-235.7023
r00004_17_08_16_0546.jpg,-.0936,-117.8511
r00004_17_08_16_0547.jpg,-.0293,-117.8511
r00005_17_08_16_0548.jpg,-.178,-117.8511
r00005_17_08_16_0549.jpg,-.035,0.0000
r00005_17_08_16_0550.jpg,-.1671,0.0000
r00005_17_08_16_0551.jpg,.0301,0.0000
r00005_17_08_16_0552.jpg,-.1506,-117.8511
r00005_17_08_16_0553.jpg,-.0293,-235.7023
r00005_17_08_16_0554.jpg,-.0331,-117.8511
r00005_17_08_16_0555.jpg,.0424,-117.8511
r00005_17_08_16_0556.jpg,-.1617,-235.7023
r00005_17_08_16_0557.jpg,-.1671,-235.7023
r00005_17_08_16_0558.jpg,-.1887,-235.7023
r00005_17_08_16_0559.jpg,-.1617,-117.8511
r00006_17_08_16_0600.jpg,.018,0.0000
r00006_17_08_16_0601.jpg,-.122,-117.8511
r00006_17_08_16_0602.jpg,-.122,-117.8511
r00006_17_08_16_0603.jpg,-.1887,-235.7023
r00006_17_08_16_0604.jpg,.0362,-117.8511
r00006_17_08_16_0605.jpg,.0119,-235.7023
r00006_17_08_16_0606.jpg,.005,-353.5534
r00006_17_08_16_0607.jpg,.005,-353.5534
r00006_17_08_16_0608.jpg,-.1587,-471.4045
r00006_17_08_16_0609.jpg,-.0293,-353.5534
r00006_17_08_16_0610.jpg,.9202,-235.7023
r00006_17_08_16_0611.jpg,-.1993,-235.7023
r00007_17_08_16_0612.jpg,-.1168,-235.7023
r00007_17_08_16_0613.jpg,-.0521,-117.8511
r00007_17_08_16_0614.jpg,-.1617,-117.8511
r00007_17_08_16_0615.jpg,-.1053,-117.8511
r00007_17_08_16_0616.jpg,-.0839,-353.5534
r00007_17_08_16_0617.jpg,-.1506,-353.5534
r00007_17_08_16_0618.jpg,.8749,-117.8511
r00007_17_08_16_0619.jpg,-.0407,-353.5534
r00007_17_08_16_0620.jpg,-.035,-353.5534
r00007_17_08_16_0621.jpg,-.2304,-471.4045
r00007_17_08_16_0622.jpg,-.0059,-235.7023
r00007_17_08_16_0623.jpg,-.0936,-235.7023
r00008_17_08_16_0624.jpg,.006,-117.8511
r00008_17_08_16_0625.jpg,-.1395,-117.8511
r00008_17_08_16_0626.jpg,.0362,0.0000
r00008_17_08_16_0627.jpg,-.194,-235.7023
r00008_17_08_16_0628.jpg,-.178,-235.7023
r00008_17_08_16_0629.jpg,-.1562,-353.5534
r00008_17_08_16_0630.jpg,.337,-353.5534
r00008_17_08_16_0631.jpg,-.0963,-471.4045
r00008_17_08_16_0632.jpg,-.0235,-353.5534
r00008_17_08_16_0633.jpg,-.1671,-471.4045
r00008_17_08_16_0634.jpg,0.0000,-235.7023
r00008_17_08_16_0635.jpg,.4177,-117.8511
r00009_17_08_16_0636.jpg,-.1339,-117.8511
r00009_17_08_16_0637.jpg,-.0464,-117.8511
r00009_17_08_16_0638.jpg,-.1562,-117.8511
r00009_17_08_16_0639.jpg,-.0638,-117.8511
r00009_17_08_16_0640.jpg,-.0293,-235.7023
r00009_17_08_16_0641.jpg,-.035,-353.5534
r00009_17_08_16_0642.jpg,-.0293,-353.5534
r00009_17_08_16_0643.jpg,-.1587,-471.4045
r00009_17_08_16_0644.jpg,-.0118,-353.5534
r00009_17_08_16_0645.jpg,-.1506,-471.4045
r00009_17_08_16_0646.jpg,-.1993,-353.5534
r00009_17_08_16_0647.jpg,.7863,-117.8511
r00010_17_08_16_0648.jpg,-.1282,-117.8511
r00010_17_08_16_0649.jpg,-.1395,-117.8511
r00010_17_08_16_0650.jpg,-.035,-117.8511
r00010_17_08_16_0651.jpg,-.0633,-235.7023
r00010_17_08_16_0652.jpg,-.135,-471.4045
r00010_17_08_16_0653.jpg,-.0293,-353.5534
r00010_17_08_16_0654.jpg,.3509,-353.5534
r00010_17_08_16_0655.jpg,-.1506,-353.5534
r00010_17_08_16_0656.jpg,-.1506,-471.4045
r00010_17_08_16_0657.jpg,-.1506,-353.5534
r00010_17_08_16_0658.jpg,-.0293,-353.5534
r00010_17_08_16_0659.jpg,.8193,0.0000
r00011_17_08_16_0700.jpg,-.1225,-117.8511
r00011_17_08_16_0701.jpg,-.1339,-117.8511
r00011_17_08_16_0702.jpg,-.1225,-117.8511
r00011_17_08_16_0703.jpg,-.0994,-235.7023
r00011_17_08_16_0704.jpg,-.1812,-471.4045
r00011_17_08_16_0705.jpg,-.1344,-471.4045
r00011_17_08_16_0706.jpg,.463,-235.7023
r00011_17_08_16_0707.jpg,-.1339,-353.5534
r00011_17_08_16_0708.jpg,-.2201,-471.4045
r00011_17_08_16_0709.jpg,.0362,-235.7023
r00011_17_08_16_0710.jpg,-.1671,-353.5534
r00011_17_08_16_0711.jpg,-.1076,-471.4045
r00012_17_08_16_0712.jpg,-.0118,-117.8511
r00012_17_08_16_0713.jpg,-.1993,-235.7023
r00012_17_08_16_0714.jpg,-.1395,-117.8511
r00012_17_08_16_0715.jpg,.024,-117.8511
r00012_17_08_16_0716.jpg,-.178,-235.7023
r00012_17_08_16_0717.jpg,-.1671,-353.5534
r00012_17_08_16_0718.jpg,-.0994,-235.7023
r00012_17_08_16_0719.jpg,-.1617,-471.4045
r00012_17_08_16_0720.jpg,-.1395,-353.5534
r00012_17_08_16_0721.jpg,-.1671,-353.5534
r00012_17_08_16_0722.jpg,-.0407,-353.5534
r00012_17_08_16_0723.jpg,.89,-117.8511
r00013_17_08_16_0724.jpg,-.0877,-117.8511
r00013_17_08_16_0725.jpg,-.1887,-235.7023
r00013_17_08_16_0726.jpg,-.0293,-117.8511
r00013_17_08_16_0727.jpg,-.0102,-353.5534
r00013_17_08_16_0728.jpg,-.178,-235.7023
r00013_17_08_16_0729.jpg,-.1344,-471.4045
r00013_17_08_16_0730.jpg,.2961,-353.5534
r00013_17_08_16_0731.jpg,-.0059,-353.5534
r00013_17_08_16_0732.jpg,-.1395,-353.5534
r00013_17_08_16_0733.jpg,-.1562,-353.5534
r00013_17_08_16_0734.jpg,-.1887,-471.4045
r00013_17_08_16_0735.jpg,-.0516,-117.8511
r00014_17_08_16_0736.jpg,-.2149,-235.7023
r00014_17_08_16_0737.jpg,-.1395,-117.8511
r00014_17_08_16_0738.jpg,-.1993,-235.7023
r00014_17_08_16_0739.jpg,-.2066,-471.4045
r00014_17_08_16_0740.jpg,-.0818,-353.5534
r00014_17_08_16_0741.jpg,-.1725,-471.4045
r00014_17_08_16_0742.jpg,-.1833,-471.4045
r00014_17_08_16_0743.jpg,-.035,-353.5534
r00014_17_08_16_0744.jpg,-.0059,-353.5534
r00014_17_08_16_0745.jpg,-.1451,-353.5534
r00014_17_08_16_0746.jpg,.018,-235.7023
r00014_17_08_16_0747.jpg,-.0407,-235.7023
r00015_17_08_16_0748.jpg,-.111,-117.8511
r00015_17_08_16_0749.jpg,-.0235,-117.8511
r00015_17_08_16_0750.jpg,-.1506,-117.8511
r00015_17_08_16_0751.jpg,-.0774,-353.5534
r00015_17_08_16_0752.jpg,-.2045,-353.5534
r00015_17_08_16_0753.jpg,-.1671,-353.5534
r00015_17_08_16_0754.jpg,.2696,-353.5534
r00015_17_08_16_0755.jpg,-.1339,-353.5534
r00015_17_08_16_0756.jpg,-.1506,-471.4045
r00015_17_08_16_0757.jpg,-.2045,-471.4045
r00015_17_08_16_0758.jpg,-.0521,-353.5534
r00015_17_08_16_0759.jpg,-.0516,-117.8511
r00016_17_08_16_0800.jpg,-.0689,-235.7023
r00016_17_08_16_0801.jpg,-.0293,-117.8511
r00016_17_08_16_0802.jpg,-.1617,-117.8511
r00016_17_08_16_0803.jpg,-.0633,-235.7023
r00016_17_08_16_0804.jpg,-.2149,-471.4045
r00016_17_08_16_0805.jpg,-.1617,-353.5534
r00016_17_08_16_0806.jpg,-.111,-235.7023
r00016_17_08_16_0807.jpg,-.1506,-471.4045
r00016_17_08_16_0808.jpg,-.1225,-353.5534
r00016_17_08_16_0809.jpg,-.0407,-353.5534
r00016_17_08_16_0810.jpg,-.0464,-353.5534
r00016_17_08_16_0811.jpg,-.194,-235.7023
r00017_17_08_16_0812.jpg,.006,-117.8511
r00017_17_08_16_0813.jpg,-.1282,-235.7023
r00017_17_08_16_0814.jpg,-.0464,-117.8511
r00017_17_08_16_0815.jpg,.0301,-117.8511
r00017_17_08_16_0816.jpg,-.1725,-235.7023
r00017_17_08_16_0817.jpg,-.1562,-353.5534
r00017_17_08_16_0818.jpg,-.1506,-353.5534
r00017_17_08_16_0819.jpg,-.1282,-353.5534
r00017_17_08_16_0820.jpg,-.1451,-471.4045
r00017_17_08_16_0821.jpg,-.1395,-353.5534
r00017_17_08_16_0822.jpg,-.0464,-353.5534
r00017_17_08_16_0823.jpg,-.0516,-235.7023
r00018_17_08_16_0824.jpg,-.2003,-471.4045
r00018_17_08_16_0825.jpg,-.1225,-117.8511
r00018_17_08_16_0826.jpg,-.1395,-235.7023
r00018_17_08_16_0827.jpg,-.0577,-235.7023
r00018_17_08_16_0828.jpg,-.0293,-235.7023
r00018_17_08_16_0829.jpg,-.0407,-353.5534
r00018_17_08_16_0830.jpg,-.1833,-471.4045
r00018_17_08_16_0831.jpg,-.0118,-353.5534
r00018_17_08_16_0832.jpg,-.0689,-471.4045
r00018_17_08_16_0833.jpg,-.0235,-353.5534
r00018_17_08_16_0834.jpg,-.0464,-353.5534
r00018_17_08_16_0835.jpg,-.194,-235.7023
r00019_17_08_16_0836.jpg,-.2149,-235.7023
r00019_17_08_16_0837.jpg,-.0118,-117.8511
r00019_17_08_16_0838.jpg,-.1339,-117.8511
r00019_17_08_16_0839.jpg,-.1282,-471.4045
r00019_17_08_16_0840.jpg,-.9574,-353.5534
r00019_17_08_16_0841.jpg,.024,-235.7023
r00019_17_08_16_0842.jpg,-.1617,-353.5534
r00019_17_08_16_0843.jpg,-.0854,-471.4045
r00019_17_08_16_0844.jpg,-.1053,-353.5534
r00019_17_08_16_0845.jpg,-.1168,-353.5534
r00019_17_08_16_0846.jpg,-.1765,-471.4045
r00019_17_08_16_0847.jpg,.8193,-117.8511
r00020_17_08_16_0848.jpg,-.0059,-117.8511
r00020_17_08_16_0849.jpg,-.0293,-117.8511
r00020_17_08_16_0850.jpg,-.035,-117.8511
r00020_17_08_16_0851.jpg,-.0521,-235.7023
r00020_17_08_16_0852.jpg,-.0235,-235.7023
r00020_17_08_16_0853.jpg,-.0464,-353.5534
r00020_17_08_16_0854.jpg,.024,-235.7023
r00020_17_08_16_0855.jpg,-.0118,-353.5534
r00020_17_08_16_0856.jpg,-.0994,-353.5534
r00020_17_08_16_0857.jpg,0.0000,-353.5534
r00020_17_08_16_0858.jpg,-.1562,-353.5534
r00020_17_08_16_0859.jpg,.0301,-117.8511
r00021_17_08_16_0900.jpg,-.1506,-235.7023
r00021_17_08_16_0901.jpg,0.0000,-117.8511
r00021_17_08_16_0902.jpg,-.0293,-117.8511
r00021_17_08_16_0903.jpg,-.0633,-235.7023
r00021_17_08_16_0904.jpg,-.194,-471.4045
r00021_17_08_16_0905.jpg,-.0293,-353.5534
r00021_17_08_16_0906.jpg,.0301,-235.7023
r00021_17_08_16_0907.jpg,-.1833,-471.4045
r00021_17_08_16_0908.jpg,.006,-353.5534
r00021_17_08_16_0909.jpg,-.1168,-353.5534
r00021_17_08_16_0910.jpg,.024,-235.7023
r00021_17_08_16_0911.jpg,-.1876,-471.4045
r00022_17_08_16_0912.jpg,-.2149,-235.7023
r00022_17_08_16_0913.jpg,0.0000,-117.8511
r00022_17_08_16_0914.jpg,-.1339,-117.8511
r00022_17_08_16_0915.jpg,-.1887,-235.7023
r00022_17_08_16_0916.jpg,-.0414,-353.5534
r00022_17_08_16_0917.jpg,.024,-235.7023
r00022_17_08_16_0918.jpg,-.111,-235.7023
r00022_17_08_16_0919.jpg,-.1053,-353.5534
r00022_17_08_16_0920.jpg,-.111,-353.5534
r00022_17_08_16_0921.jpg,-.2201,-471.4045
r00022_17_08_16_0922.jpg,-.1617,-353.5534
r00022_17_08_16_0923.jpg,-.1484,-471.4045
r00023_17_08_16_0924.jpg,-.0308,-353.5534
r00023_17_08_16_0925.jpg,.0038,-353.5534
r00023_17_08_16_0926.jpg,-.1168,-117.8511
r00023_17_08_16_0927.jpg,-.194,-235.7023
r00023_17_08_16_0928.jpg,-.194,-353.5534
r00023_17_08_16_0929.jpg,-.1671,-471.4045
r00023_17_08_16_0930.jpg,-.1282,-353.5534
r00023_17_08_16_0931.jpg,.0119,-353.5534
r00023_17_08_16_0932.jpg,-.0994,-353.5534
r00023_17_08_16_0933.jpg,-.111,-353.5534
r00023_17_08_16_0934.jpg,-.1466,-471.4045
r00023_17_08_16_0935.jpg,-.1617,-471.4045
r00024_17_08_16_0936.jpg,-.0818,-117.8511
r00024_17_08_16_0937.jpg,-.0854,-235.7023
r00024_17_08_16_0938.jpg,-.0177,-117.8511
r00024_17_08_16_0939.jpg,-.0464,-235.7023
r00024_17_08_16_0940.jpg,-.0633,-353.5534
r00024_17_08_16_0941.jpg,-.2098,-471.4045
r00024_17_08_16_0942.jpg,-.0235,-353.5534
r00024_17_08_16_0943.jpg,-.0118,-353.5534
r00024_17_08_16_0944.jpg,-.2098,-471.4045
r00024_17_08_16_0945.jpg,-.0059,-353.5534
r00024_17_08_16_0946.jpg,-.0293,-353.5534
r00024_17_08_16_0947.jpg,-.1876,-471.4045
r00025_17_08_16_0948.jpg,-.2098,-235.7023
r00025_17_08_16_0949.jpg,-.0331,-235.7023
r00025_17_08_16_0950.jpg,-.0799,-235.7023
r00025_17_08_16_0951.jpg,-.135,-471.4045
r00025_17_08_16_0952.jpg,-.555,-471.4045
r00025_17_08_16_0953.jpg,-.1617,-353.5534
r00025_17_08_16_0954.jpg,-.1282,-353.5534
r00025_17_08_16_0955.jpg,-.1993,-471.4045
r00025_17_08_16_0956.jpg,-.0799,-471.4045
r00025_17_08_16_0957.jpg,-.1395,-353.5534
r00025_17_08_16_0958.jpg,-.1617,-353.5534
r00025_17_08_16_0959.jpg,-.0407,-235.7023
r00026_17_08_16_1000.jpg,-.0877,-117.8511
r00026_17_08_16_1001.jpg,-.0577,-117.8511
r00026_17_08_16_1002.jpg,-.1395,-117.8511
r00026_17_08_16_1003.jpg,-.1833,-235.7023
r00026_17_08_16_1004.jpg,-.1725,-353.5534
r00026_17_08_16_1005.jpg,-.0235,-353.5534
r00026_17_08_16_1006.jpg,-.0994,-235.7023
r00026_17_08_16_1007.jpg,-.0689,-471.4045
r00026_17_08_16_1008.jpg,-.0744,-471.4045
r00026_17_08_16_1009.jpg,-.2304,-471.4045
r00026_17_08_16_1010.jpg,-.0293,-353.5534
r00026_17_08_16_1011.jpg,-.1417,-471.4045
r00027_17_08_16_1012.jpg,-.0818,-117.8511
r00027_17_08_16_1013.jpg,-.0689,-235.7023
r00027_17_08_16_1014.jpg,-.0118,-117.8511
r00027_17_08_16_1015.jpg,-.0407,-235.7023
r00027_17_08_16_1016.jpg,-.194,-353.5534
r00027_17_08_16_1017.jpg,-.1725,-471.4045
r00027_17_08_16_1018.jpg,-.178,-471.4045
r00027_17_08_16_1019.jpg,-.1168,-353.5534
r00027_17_08_16_1020.jpg,-.1053,-353.5534
r00027_17_08_16_1021.jpg,-.1395,-471.4045
r00027_17_08_16_1022.jpg,-.1562,-471.4045
r00027_17_08_16_1023.jpg,-.1682,-471.4045
r00028_17_08_16_1024.jpg,-.2066,-471.4045
r00028_17_08_16_1025.jpg,-.111,-117.8511
r00028_17_08_16_1026.jpg,-.1833,-235.7023
r00028_17_08_16_1027.jpg,-.1682,-471.4045
r00028_17_08_16_1028.jpg,-.1887,-353.5534
r00028_17_08_16_1029.jpg,.0301,-235.7023
r00028_17_08_16_1030.jpg,-.035,-353.5534
r00028_17_08_16_1031.jpg,-.1824,-471.4045
r00028_17_08_16_1032.jpg,-.3081,-471.4045
r00028_17_08_16_1033.jpg,-.1725,-471.4045
r00028_17_08_16_1034.jpg,-.035,-353.5534
r00028_17_08_16_1035.jpg,.024,-117.8511
r00029_17_08_16_1036.jpg,-.2191,-471.4045
r00029_17_08_16_1037.jpg,-.0059,-117.8511
r00029_17_08_16_1038.jpg,0.0000,-117.8511
r00029_17_08_16_1039.jpg,-.0407,-235.7023
r00029_17_08_16_1040.jpg,-.1671,-235.7023
r00029_17_08_16_1041.jpg,-.1671,-353.5534
r00029_17_08_16_1042.jpg,-.0407,-353.5534
r00029_17_08_16_1043.jpg,-.1451,-471.4045
r00029_17_08_16_1044.jpg,-.2098,-471.4045
r00029_17_08_16_1045.jpg,-.1282,-353.5534
r00029_17_08_16_1046.jpg,.006,-235.7023
r00029_17_08_16_1047.jpg,-.194,-471.4045
r00030_17_08_16_1048.jpg,-.1725,-235.7023
r00030_17_08_16_1049.jpg,-.1451,-235.7023
r00030_17_08_16_1050.jpg,-.0936,-117.8511
r00030_17_08_16_1051.jpg,-.178,-235.7023
r00030_17_08_16_1052.jpg,-.1887,-353.5534
r00030_17_08_16_1053.jpg,-.1725,-353.5534
r00030_17_08_16_1054.jpg,.8663,-117.8511
r00030_17_08_16_1055.jpg,-.111,-353.5534
r00030_17_08_16_1056.jpg,-.0059,-353.5534
r00030_17_08_16_1057.jpg,-.2555,-471.4045
r00030_17_08_16_1058.jpg,-.0407,-353.5534
r00030_17_08_16_1059.jpg,-.0577,-235.7023
r00031_17_08_16_1100.jpg,-.0744,-235.7023
r00031_17_08_16_1101.jpg,0.0000,-117.8511
r00031_17_08_16_1102.jpg,-.1451,-117.8511
r00031_17_08_16_1103.jpg,-.0633,-235.7023
r00031_17_08_16_1104.jpg,-1.005,-471.4045
r00031_17_08_16_1105.jpg,-.1833,-353.5534
r00031_17_08_16_1106.jpg,-.035,-353.5534
r00031_17_08_16_1107.jpg,-.0235,-353.5534
r00031_17_08_16_1108.jpg,.018,-471.4045
r00031_17_08_16_1109.jpg,-.2149,-471.4045
r00031_17_08_16_1110.jpg,-.0293,-353.5534
r00031_17_08_16_1111.jpg,.0418,-353.5534
r00031_17_08_16_1112.jpg,-.0521,-235.7023
r00032_17_08_16_1112.jpg,.006,-117.8511
r00032_17_08_16_1113.jpg,-.0854,-235.7023
r00032_17_08_16_1114.jpg,-.1225,-117.8511
r00032_17_08_16_1115.jpg,-.1587,-235.7023
r00032_17_08_16_1116.jpg,-.178,-353.5534
r00032_17_08_16_1117.jpg,-.0235,-353.5534
r00032_17_08_16_1118.jpg,-.035,-353.5534
r00032_17_08_16_1119.jpg,.0119,-353.5534
r00032_17_08_16_1120.jpg,-.0577,-471.4045
r00032_17_08_16_1121.jpg,-.1562,-471.4045
r00032_17_08_16_1122.jpg,-.1466,-471.4045
r00032_17_08_16_1123.jpg,-.0577,-353.5534
r00032_17_08_16_1124.jpg,-.1282,-235.7023
r00033_17_08_16_1124.jpg,-.1812,-471.4045
r00033_17_08_16_1125.jpg,-.2003,-471.4045
r00033_17_08_16_1126.jpg,-.0118,-117.8511
r00033_17_08_16_1127.jpg,-.1876,-471.4045
r00033_17_08_16_1128.jpg,-.0464,-353.5534
r00033_17_08_16_1129.jpg,-.035,-353.5534
r00033_17_08_16_1130.jpg,-.2201,-471.4045
r00033_17_08_16_1131.jpg,-.1339,-353.5534
r00033_17_08_16_1132.jpg,-.1053,-353.5534
r00033_17_08_16_1133.jpg,-.0994,-471.4045
r00033_17_08_16_1134.jpg,-.1506,-353.5534
r00033_17_08_16_1135.jpg,-1.0119,-471.4045
r00033_17_08_16_1136.jpg,-.1747,-471.4045
r00034_17_08_16_1136.jpg,-.0633,-235.7023
r00034_17_08_16_1137.jpg,.006,-117.8511
r00034_17_08_16_1138.jpg,.0119,-117.8511
r00034_17_08_16_1139.jpg,-.1562,-235.7023
r00034_17_08_16_1140.jpg,-.178,-353.5534
r00034_17_08_16_1141.jpg,-.0407,-353.5534
r00034_17_08_16_1142.jpg,-.1282,-353.5534
r00034_17_08_16_1143.jpg,-.0177,-353.5534
r00034_17_08_16_1144.jpg,-.0877,-353.5534
r00034_17_08_16_1145.jpg,-.0877,-353.5534
r00034_17_08_16_1146.jpg,-.1225,-353.5534
r00034_17_08_16_1147.jpg,-.1833,-353.5534
r00034_17_08_16_1148.jpg,-.1551,-471.4045
r00035_17_08_16_1148.jpg,-.2149,-235.7023
r00035_17_08_16_1149.jpg,-.0638,-117.8511
r00035_17_08_16_1150.jpg,.024,-117.8511
r00035_17_08_16_1151.jpg,-.1682,-471.4045
r00035_17_08_16_1152.jpg,-.0633,-353.5534
r00035_17_08_16_1153.jpg,-.1506,-353.5534
r00035_17_08_16_1154.jpg,-.1225,-353.5534
r00035_17_08_16_1155.jpg,-.0994,-353.5534
r00035_17_08_16_1156.jpg,-.0877,-471.4045
r00035_17_08_16_1157.jpg,-.0633,-471.4045
r00035_17_08_16_1158.jpg,-.1882,-353.5534
r00035_17_08_16_1159.jpg,-.0633,-353.5534
r00035_17_08_17_1200.jpg,-.0455,-117.8511
r00036_17_08_17_1200.jpg,.0119,-117.8511
r00036_17_08_17_1201.jpg,-.111,-117.8511
r00036_17_08_17_1202.jpg,-.2253,-471.4045
r00036_17_08_17_1203.jpg,-.1395,-235.7023
r00036_17_08_17_1204.jpg,-1.2183,-471.4045
r00036_17_08_17_1205.jpg,-.0577,-353.5534
r00036_17_08_17_1206.jpg,-.1451,-353.5534
r00036_17_08_17_1207.jpg,-.1282,-471.4045
r00036_17_08_17_1208.jpg,-.1526,-589.2557
r00036_17_08_17_1209.jpg,-.0818,-353.5534
r00036_17_08_17_1210.jpg,-.1617,-471.4045
r00036_17_08_17_1211.jpg,-.1158,-471.4045
r00036_17_08_17_1212.jpg,-.1747,-471.4045
r00037_17_08_17_1212.jpg,-.0877,-117.8511
r00037_17_08_17_1213.jpg,-.1214,-471.4045
r00037_17_08_17_1214.jpg,-.1225,-117.8511
r00037_17_08_17_1215.jpg,-.2045,-235.7023
r00037_17_08_17_1216.jpg,-.194,-353.5534
r00037_17_08_17_1217.jpg,-.0521,-353.5534
r00037_17_08_17_1218.jpg,-.1451,-353.5534
r00037_17_08_17_1219.jpg,-.0994,-353.5534
r00037_17_08_17_1220.jpg,.0548,-353.5534
r00037_17_08_17_1221.jpg,-.1747,-707.1068
r00037_17_08_17_1222.jpg,.0424,-235.7023
r00037_17_08_17_1223.jpg,-.0689,-353.5534
r00037_17_08_17_1224.jpg,-.194,-471.4045
r00038_17_08_17_1224.jpg,.0424,-117.8511
r00038_17_08_17_1225.jpg,.0119,-117.8511
r00038_17_08_17_1226.jpg,-.2253,-235.7023
r00038_17_08_17_1227.jpg,-.0079,-117.8511
r00038_17_08_17_1228.jpg,-.1671,-235.7023
r00038_17_08_17_1229.jpg,-1.2114,-471.4045
r00038_17_08_17_1230.jpg,-.035,-353.5534
r00038_17_08_17_1231.jpg,-.1225,-471.4045
r00038_17_08_17_1232.jpg,.0424,-353.5534
r00038_17_08_17_1233.jpg,-.0936,-353.5534
r00038_17_08_17_1234.jpg,-.0235,-353.5534
r00038_17_08_17_1235.jpg,-.1997,-471.4045
r00038_17_08_17_1236.jpg,.0362,-117.8511
r00039_17_08_17_1236.jpg,.024,-117.8511
r00039_17_08_17_1237.jpg,0.0000,-117.8511
r00039_17_08_17_1238.jpg,-.2201,-235.7023
r00039_17_08_17_1239.jpg,-.135,-471.4045
r00039_17_08_17_1240.jpg,-.0521,-353.5534
r00039_17_08_17_1241.jpg,-.178,-353.5534
r00039_17_08_17_1242.jpg,-.035,-353.5534
r00039_17_08_17_1243.jpg,-.111,-353.5534
r00039_17_08_17_1244.jpg,-.1617,-707.1068
r00039_17_08_17_1245.jpg,-.2045,-471.4045
r00039_17_08_17_1246.jpg,-.0293,-353.5534
r00039_17_08_17_1247.jpg,-.1833,-353.5534
r00039_17_08_17_1248.jpg,-.1145,-471.4045
r00040_17_08_17_0100.jpg,-.1887,-235.7023
r00040_17_08_17_1248.jpg,-.2149,-235.7023
r00040_17_08_17_1249.jpg,-.0877,-117.8511
r00040_17_08_17_1250.jpg,-.0511,-353.5534
r00040_17_08_17_1251.jpg,-.0455,-117.8511
r00040_17_08_17_1252.jpg,-1.2149,-471.4045
r00040_17_08_17_1253.jpg,-.1562,-353.5534
r00040_17_08_17_1254.jpg,-.0633,-471.4045
r00040_17_08_17_1255.jpg,-.111,-353.5534
r00040_17_08_17_1256.jpg,-.1214,-707.1068
r00040_17_08_17_1257.jpg,-.0994,-353.5534
r00040_17_08_17_1258.jpg,-.0293,-353.5534
r00040_17_08_17_1259.jpg,-.0177,-235.7023
r00041_17_08_17_0100.jpg,-.0877,-117.8511
r00041_17_08_17_0101.jpg,-.111,-117.8511
r00041_17_08_17_0102.jpg,.0119,-117.8511
r00041_17_08_17_0103.jpg,-.1887,-235.7023
r00041_17_08_17_0104.jpg,-.1562,-235.7023
r00041_17_08_17_0105.jpg,-.1833,-471.4045
r00041_17_08_17_0106.jpg,-.2304,-471.4045
r00041_17_08_17_0107.jpg,-.0936,-353.5534
r00041_17_08_17_0108.jpg,-.2129,-707.1068
r00041_17_08_17_0109.jpg,-.194,-707.1068
r00041_17_08_17_0110.jpg,-.1617,-353.5534
r00041_17_08_17_0111.jpg,-.0118,-235.7023
r00041_17_08_17_0112.jpg,-.0407,-235.7023
r00042_17_08_17_0112.jpg,-.0633,-235.7023
r00042_17_08_17_0113.jpg,-.194,-471.4045
r00042_17_08_17_0114.jpg,-.0633,-235.7023
r00042_17_08_17_0115.jpg,-.2355,-471.4045
r00042_17_08_17_0116.jpg,-1.0256,-471.4045
r00042_17_08_17_0117.jpg,-.0464,-353.5534
r00042_17_08_17_0118.jpg,-.0293,-353.5534
r00042_17_08_17_0119.jpg,-.111,-353.5534
r00042_17_08_17_0120.jpg,-.1876,-707.1068
r00042_17_08_17_0121.jpg,-.2218,-707.1068
r00042_17_08_17_0122.jpg,-.2045,-471.4045
r00042_17_08_17_0123.jpg,-.1833,-353.5534
r00042_17_08_17_0124.jpg,-.1833,-235.7023
r00043_17_08_17_0124.jpg,-.0936,-117.8511
r00043_17_08_17_0125.jpg,-.1682,-471.4045
r00043_17_08_17_0126.jpg,-.1993,-235.7023
r00043_17_08_17_0127.jpg,-.2287,-471.4045
r00043_17_08_17_0128.jpg,-1.0188,-471.4045
r00043_17_08_17_0129.jpg,-1.0727,-471.4045
r00043_17_08_17_0130.jpg,-.035,-353.5534
r00043_17_08_17_0131.jpg,-.2253,-471.4045
r00043_17_08_17_0132.jpg,-.0877,-353.5534
r00043_17_08_17_0133.jpg,-.1617,-707.1068
r00043_17_08_17_0134.jpg,-.1617,-353.5534
r00043_17_08_17_0135.jpg,-1.2251,-471.4045
r00043_17_08_17_0136.jpg,-.0521,-235.7023
r00044_17_08_17_0136.jpg,-.0744,-235.7023
r00044_17_08_17_0137.jpg,-.0799,-235.7023
r00044_17_08_17_0138.jpg,-.2149,-235.7023
r00044_17_08_17_0139.jpg,-.1214,-471.4045
r00044_17_08_17_0140.jpg,-.0118,-235.7023
r00044_17_08_17_0141.jpg,-.0521,-353.5534
r00044_17_08_17_0142.jpg,-.1671,-471.4045
r00044_17_08_17_0143.jpg,0.0000,-353.5534
r00044_17_08_17_0144.jpg,-.1993,-471.4045
r00044_17_08_17_0145.jpg,-.194,-471.4045
r00044_17_08_17_0146.jpg,.0424,-235.7023
r00044_17_08_17_0147.jpg,-.9929,-353.5534
r00044_17_08_17_0148.jpg,-.2149,-471.4045
r00045_17_08_17_0148.jpg,-.194,-471.4045
r00045_17_08_17_0149.jpg,-.135,-471.4045
r00045_17_08_17_0150.jpg,-.0638,-117.8511
r00045_17_08_17_0151.jpg,-.1006,-471.4045
r00045_17_08_17_0152.jpg,-.1506,-235.7023
r00045_17_08_17_0153.jpg,.005,-353.5534
r00045_17_08_17_0154.jpg,-.1617,-471.4045
r00045_17_08_17_0155.jpg,-.0936,-353.5534
r00045_17_08_17_0156.jpg,-.0936,-353.5534
r00045_17_08_17_0157.jpg,-.2098,-471.4045
r00045_17_08_17_0158.jpg,-.1506,-353.5534
r00045_17_08_17_0159.jpg,-.111,-235.7023
r00045_17_08_17_0200.jpg,-.194,-235.7023
r00046_17_08_17_0200.jpg,-.0818,-117.8511
r00046_17_08_17_0201.jpg,-.0877,-117.8511
r00046_17_08_17_0202.jpg,-.0516,-117.8511
r00046_17_08_17_0203.jpg,-.035,-235.7023
r00046_17_08_17_0204.jpg,-.194,-353.5534
r00046_17_08_17_0205.jpg,-.1617,-353.5534
r00046_17_08_17_0206.jpg,-.1395,-353.5534
r00046_17_08_17_0207.jpg,-.0936,-353.5534
r00046_17_08_17_0208.jpg,-.1282,-707.1068
r00046_17_08_17_0209.jpg,-.0577,-471.4045
r00046_17_08_17_0210.jpg,-.1506,-353.5534
r00046_17_08_17_0211.jpg,-.0577,-353.5534
r00046_17_08_17_0212.jpg,-.1551,-471.4045
r00047_17_08_17_0212.jpg,-.1617,-471.4045
r00047_17_08_17_0213.jpg,-.0516,-117.8511
r00047_17_08_17_0214.jpg,-.2422,-471.4045
r00047_17_08_17_0215.jpg,-.178,-235.7023
r00047_17_08_17_0216.jpg,-.0293,-235.7023
r00047_17_08_17_0217.jpg,-.0577,-353.5534
r00047_17_08_17_0218.jpg,-.1395,-353.5534
r00047_17_08_17_0219.jpg,.0362,-353.5534
r00047_17_08_17_0220.jpg,-.178,-471.4045
r00047_17_08_17_0221.jpg,-.1993,-471.4045
r00047_17_08_17_0222.jpg,-.035,-353.5534
r00047_17_08_17_0223.jpg,-1.0539,-471.4045
r00047_17_08_17_0224.jpg,-.178,-235.7023
r00048_17_08_17_0224.jpg,-.0331,-117.8511
r00048_17_08_17_0225.jpg,-.9574,-589.2557
r00048_17_08_17_0226.jpg,-.113,-471.4045
r00048_17_08_17_0227.jpg,-.1833,-235.7023
r00048_17_08_17_0228.jpg,-1.0455,-471.4045
r00048_17_08_17_0229.jpg,-1.0256,-471.4045
r00048_17_08_17_0230.jpg,-.194,-471.4045
r00048_17_08_17_0231.jpg,-.1993,-471.4045
r00048_17_08_17_0232.jpg,-.1145,-707.1068
r00048_17_08_17_0233.jpg,-.0464,-471.4045
r00048_17_08_17_0234.jpg,-.1562,-353.5534
r00048_17_08_17_0235.jpg,-.0118,-235.7023
r00048_17_08_17_0236.jpg,-.1833,-235.7023
r00049_17_08_17_0236.jpg,-.0521,-235.7023
r00049_17_08_17_0237.jpg,-.0689,-235.7023
r00049_17_08_17_0238.jpg,-1.0678,-471.4045
r00049_17_08_17_0239.jpg,-.1282,-707.1068
r00049_17_08_17_0240.jpg,-1.0552,-471.4045
r00049_17_08_17_0241.jpg,-.1887,-353.5534
r00049_17_08_17_0242.jpg,-.2201,-471.4045
r00049_17_08_17_0243.jpg,-.0577,-353.5534
r00049_17_08_17_0244.jpg,-.1617,-707.1068
r00049_17_08_17_0245.jpg,-.2218,-707.1068
r00049_17_08_17_0246.jpg,-.1617,-353.5534
r00049_17_08_17_0247.jpg,-.1833,-353.5534
r00049_17_08_17_0248.jpg,-.1725,-235.7023
r00050_17_08_17_0248.jpg,-.122,-353.5534
r00050_17_08_17_0249.jpg,.0258,-353.5534
r00050_17_08_17_0250.jpg,-.1887,-235.7023
r00050_17_08_17_0251.jpg,-.1887,-235.7023
r00050_17_08_17_0252.jpg,-.0235,-235.7023
r00050_17_08_17_0253.jpg,-.0577,-353.5534
r00050_17_08_17_0254.jpg,-.0293,-353.5534
r00050_17_08_17_0255.jpg,-.0521,-471.4045
r00050_17_08_17_0256.jpg,-.1417,-707.1068
r00050_17_08_17_0257.jpg,-.2003,-707.1068
r00050_17_08_17_0258.jpg,-.1339,-471.4045
r00050_17_08_17_0259.jpg,-1.2023,-589.2557
r00050_17_08_17_0300.jpg,-.178,-235.7023
r00051_17_08_17_0300.jpg,-.194,-235.7023
r00051_17_08_17_0301.jpg,-.1214,-471.4045
r00051_17_08_17_0302.jpg,-.178,-235.7023
r00051_17_08_17_0303.jpg,-.212,-707.1068
r00051_17_08_17_0304.jpg,-.5957,-471.4045
r00051_17_08_17_0305.jpg,-.178,-471.4045
r00051_17_08_17_0306.jpg,-.1395,-353.5534
r00051_17_08_17_0307.jpg,-.1006,-707.1068
r00051_17_08_17_0308.jpg,-.135,-707.1068
r00051_17_08_17_0309.jpg,-.0633,-471.4045
r00051_17_08_17_0310.jpg,-.035,-353.5534
r00051_17_08_17_0311.jpg,-.9972,-353.5534
r00051_17_08_17_0312.jpg,-.035,-235.7023
r00052_17_08_17_0312.jpg,-.1993,-235.7023
r00052_17_08_17_0313.jpg,-.1214,-471.4045
r00052_17_08_17_0314.jpg,-.1833,-235.7023
r00052_17_08_17_0315.jpg,-.0936,-117.8511
r00052_17_08_17_0316.jpg,-.0206,-353.5534
r00052_17_08_17_0317.jpg,-.1587,-471.4045
r00052_17_08_17_0318.jpg,-.1225,-353.5534
r00052_17_08_17_0319.jpg,-.0633,-471.4045
r00052_17_08_17_0320.jpg,-.194,-471.4045
r00052_17_08_17_0321.jpg,-.1562,-471.4045
r00052_17_08_17_0322.jpg,.024,-235.7023
r00052_17_08_17_0323.jpg,-1.0256,-471.4045
r00052_17_08_17_0324.jpg,-.178,-235.7023
r00053_17_08_17_0324.jpg,-.0698,-117.8511
r00053_17_08_17_0325.jpg,-.1993,-235.7023
r00053_17_08_17_0326.jpg,-.0521,-235.7023
r00053_17_08_17_0327.jpg,-.194,-471.4045
r00053_17_08_17_0328.jpg,-1.0764,-471.4045
r00053_17_08_17_0329.jpg,-.1833,-353.5534
r00053_17_08_17_0330.jpg,-.1451,-471.4045
r00053_17_08_17_0331.jpg,-.1282,-353.5534
r00053_17_08_17_0332.jpg,-.1484,-707.1068
r00053_17_08_17_0333.jpg,-.1682,-707.1068
r00053_17_08_17_0334.jpg,-.1617,-353.5534
r00053_17_08_17_0335.jpg,-1.2318,-471.4045
r00053_17_08_17_0336.jpg,-1.0487,-471.4045
r00054_17_08_17_0336.jpg,-.0269,-117.8511
r00054_17_08_17_0337.jpg,-.1214,-471.4045
r00054_17_08_17_0338.jpg,-.0331,-117.8511
r00054_17_08_17_0339.jpg,-.0464,-235.7023
r00054_17_08_17_0340.jpg,-.1617,-235.7023
r00054_17_08_17_0341.jpg,-.0407,-353.5534
r00054_17_08_17_0342.jpg,-.1168,-353.5534
r00054_17_08_17_0343.jpg,-.0521,-471.4045
r00054_17_08_17_0344.jpg,-.1617,-707.1068
r00054_17_08_17_0345.jpg,-.1551,-707.1068
r00054_17_08_17_0346.jpg,.0301,-235.7023
r00054_17_08_17_0347.jpg,-1.0389,-471.4045
r00054_17_08_17_0348.jpg,-.178,-235.7023
r00055_17_08_17_0348.jpg,-.0904,-353.5534
r00055_17_08_17_0349.jpg,-.1887,-235.7023
r00055_17_08_17_0350.jpg,-.1812,-471.4045
r00055_17_08_17_0351.jpg,-.0464,-235.7023
r00055_17_08_17_0352.jpg,-1.0389,-471.4045
r00055_17_08_17_0353.jpg,-1.0084,-471.4045
r00055_17_08_17_0354.jpg,-.1282,-471.4045
r00055_17_08_17_0355.jpg,-.1617,-707.1068
r00055_17_08_17_0356.jpg,-.194,-707.1068
r00055_17_08_17_0357.jpg,-.1747,-707.1068
r00055_17_08_17_0358.jpg,-.1617,-353.5534
r00055_17_08_17_0359.jpg,-.0854,-353.5534
r00055_17_08_17_0400.jpg,-.1417,-471.4045
r00056_17_08_17_0400.jpg,.0424,-117.8511
r00056_17_08_17_0401.jpg,-.2287,-471.4045
r00056_17_08_17_0402.jpg,-.194,-471.4045
r00056_17_08_17_0403.jpg,-.194,-471.4045
r00056_17_08_17_0404.jpg,-.2848,-353.5534
r00056_17_08_17_0405.jpg,-.1833,-353.5534
r00056_17_08_17_0406.jpg,-.1451,-471.4045
r00056_17_08_17_0407.jpg,-.0577,-471.4045
r00056_17_08_17_0408.jpg,-.2489,-707.1068
r00056_17_08_17_0409.jpg,-.1145,-707.1068
r00056_17_08_17_0410.jpg,.0424,-235.7023
r00056_17_08_17_0411.jpg,-.2045,-471.4045
r00056_17_08_17_0412.jpg,-.1833,-235.7023
r00057_17_08_17_0412.jpg,-.1812,-471.4045
r00057_17_08_17_0413.jpg,-.0638,-117.8511
r00057_17_08_17_0414.jpg,-.1617,-471.4045
r00057_17_08_17_0415.jpg,-.0521,-235.7023
r00057_17_08_17_0416.jpg,-.1551,-471.4045
r00057_17_08_17_0417.jpg,-.043,-353.5534
r00057_17_08_17_0418.jpg,-.1339,-471.4045
r00057_17_08_17_0419.jpg,-.1812,-707.1068
r00057_17_08_17_0420.jpg,-.0464,-471.4045
r00057_17_08_17_0421.jpg,-.0177,-471.4045
r00057_17_08_17_0422.jpg,.018,-235.7023
r00057_17_08_17_0423.jpg,-.0177,-235.7023
r00057_17_08_17_0424.jpg,-.1282,-471.4045
r00058_17_08_17_0424.jpg,-.2769,-235.7023
r00058_17_08_17_0425.jpg,-.1214,-471.4045
r00058_17_08_17_0426.jpg,-.0744,-235.7023
r00058_17_08_17_0427.jpg,-.1887,-235.7023
r00058_17_08_17_0428.jpg,-.9886,-353.5534
r00058_17_08_17_0429.jpg,-.178,-353.5534
r00058_17_08_17_0430.jpg,-.1282,-353.5534
r00058_17_08_17_0431.jpg,-.1006,-707.1068
r00058_17_08_17_0432.jpg,-.178,-471.4045
r00058_17_08_17_0433.jpg,-.0638,-353.5534
r00058_17_08_17_0434.jpg,-.1344,-471.4045
r00058_17_08_17_0435.jpg,-.0689,-353.5534
r00058_17_08_17_0436.jpg,-.2489,-471.4045
r00059_17_08_17_0436.jpg,-.1617,-471.4045
r00059_17_08_17_0437.jpg,-.1747,-471.4045
r00059_17_08_17_0438.jpg,-.1725,-235.7023
r00059_17_08_17_0439.jpg,.0024,-353.5534
r00059_17_08_17_0440.jpg,-.1214,-471.4045
r00059_17_08_17_0441.jpg,-.0577,-353.5534
r00059_17_08_17_0442.jpg,-.1339,-353.5534
r00059_17_08_17_0443.jpg,-.1833,-471.4045
r00059_17_08_17_0444.jpg,-.178,-471.4045
r00059_17_08_17_0445.jpg,-.0877,-471.4045
r00059_17_08_17_0446.jpg,-.1225,-353.5534
r00059_17_08_17_0447.jpg,-.9754,-353.5534
r00059_17_08_17_0448.jpg,-.1725,-235.7023
r00060_17_08_17_0449.jpg,-.1551,-471.4045
r00060_17_08_17_0450.jpg,-.1887,-235.7023
r00060_17_08_17_0451.jpg,-.1506,-235.7023
r00060_17_08_17_0452.jpg,-.0407,-235.7023
r00060_17_08_17_0453.jpg,.018,-235.7023
r00060_17_08_17_0454.jpg,-.0577,-471.4045
r00060_17_08_17_0455.jpg,-.1887,-471.4045
r00060_17_08_17_0456.jpg,-.1617,-707.1068
r00060_17_08_17_0457.jpg,-.0877,-353.5534
r00060_17_08_17_0458.jpg,.006,-353.5534
r00060_17_08_17_0459.jpg,-.9754,-353.5534
r00060_17_08_17_0500.jpg,-.194,-235.7023
r00061_17_08_17_0501.jpg,-.0206,-117.8511
r00061_17_08_17_0502.jpg,-.0464,-235.7023
r00061_17_08_17_0503.jpg,-.208,-471.4045
r00061_17_08_17_0504.jpg,-.1225,-235.7023
r00061_17_08_17_0505.jpg,-.1725,-353.5534
r00061_17_08_17_0506.jpg,-.1725,-353.5534
r00061_17_08_17_0507.jpg,-.0994,-471.4045
r00061_17_08_17_0508.jpg,-.1887,-471.4045
r00061_17_08_17_0509.jpg,-.0936,-471.4045
r00061_17_08_17_0510.jpg,-.1451,-353.5534
r00061_17_08_17_0511.jpg,-1.0323,-471.4045
r00061_17_08_17_0512.jpg,-.1282,-471.4045
r00062_17_08_17_0513.jpg,.0362,-117.8511
r00062_17_08_17_0514.jpg,-.194,-471.4045
r00062_17_08_17_0515.jpg,-.0877,-117.8511
r00062_17_08_17_0516.jpg,-.2066,-471.4045
r00062_17_08_17_0517.jpg,-1.0383,-471.4045
r00062_17_08_17_0518.jpg,-.035,-353.5534
r00062_17_08_17_0519.jpg,-.1993,-471.4045
r00062_17_08_17_0520.jpg,-.1833,-471.4045
r00062_17_08_17_0521.jpg,.018,-353.5534
r00062_17_08_17_0522.jpg,-.0177,-353.5534
r00062_17_08_17_0523.jpg,-.9754,-353.5534
r00062_17_08_17_0524.jpg,-.0818,-117.8511
r00063_17_08_17_0525.jpg,-.0577,-235.7023
r00063_17_08_17_0526.jpg,.0301,-117.8511
r00063_17_08_17_0527.jpg,-.0516,-117.8511
r00063_17_08_17_0528.jpg,-.0633,-235.7023
r00063_17_08_17_0529.jpg,-1.2052,-589.2557
r00063_17_08_17_0530.jpg,-.035,-353.5534
r00063_17_08_17_0531.jpg,-.194,-471.4045
r00063_17_08_17_0532.jpg,-.194,-707.1068
r00063_17_08_17_0533.jpg,-.0936,-353.5534
r00063_17_08_17_0534.jpg,-.1395,-353.5534
r00063_17_08_17_0535.jpg,-.178,-235.7023
r00063_17_08_17_0536.jpg,-.0464,-235.7023
r00064_17_08_17_0537.jpg,-.194,-471.4045
r00064_17_08_17_0538.jpg,-.2191,-471.4045
r00064_17_08_17_0539.jpg,-.0393,-117.8511
r00064_17_08_17_0540.jpg,-.194,-235.7023
r00064_17_08_17_0541.jpg,-.2045,-471.4045
r00064_17_08_17_0542.jpg,-.0293,-353.5534
r00064_17_08_17_0543.jpg,-.2098,-471.4045
r00064_17_08_17_0544.jpg,.024,-353.5534
r00064_17_08_17_0545.jpg,.0301,-353.5534
r00064_17_08_17_0546.jpg,-.0059,-353.5534
r00064_17_08_17_0547.jpg,-1.4804,-707.1068
r00064_17_08_17_0548.jpg,-.1682,-471.4045
r00065_17_08_17_0549.jpg,.024,-117.8511
r00065_17_08_17_0550.jpg,.018,-117.8511
r00065_17_08_17_0551.jpg,-.0744,-235.7023
r00065_17_08_17_0552.jpg,-.2963,-353.5534
r00065_17_08_17_0553.jpg,-.0577,-353.5534
r00065_17_08_17_0554.jpg,-.1562,-353.5534
r00065_17_08_17_0555.jpg,-.1006,-707.1068
r00065_17_08_17_0556.jpg,-.1417,-707.1068
r00065_17_08_17_0557.jpg,-.111,-353.5534
r00065_17_08_17_0558.jpg,-.1506,-353.5534
r00065_17_08_17_0559.jpg,-.1876,-471.4045
r00065_17_08_17_0600.jpg,-.1812,-471.4045
r00066_17_08_17_0601.jpg,-.0758,-117.8511
r00066_17_08_17_0602.jpg,-.111,-117.8511
r00066_17_08_17_0603.jpg,-.0936,-117.8511
r00066_17_08_17_0604.jpg,-.1551,-471.4045
r00066_17_08_17_0605.jpg,.9909,-235.7023
r00066_17_08_17_0606.jpg,-.035,-353.5534
r00066_17_08_17_0607.jpg,-.0235,-471.4045
r00066_17_08_17_0608.jpg,-.1993,-471.4045
r00066_17_08_17_0609.jpg,-.1282,-353.5534
r00066_17_08_17_0610.jpg,-.1562,-353.5534
r00066_17_08_17_0611.jpg,-.178,-235.7023
r00066_17_08_17_0612.jpg,-.194,-235.7023
r00067_17_08_17_0613.jpg,-.0059,-117.8511
r00067_17_08_17_0614.jpg,-.111,-117.8511
r00067_17_08_17_0615.jpg,-.1671,-235.7023
r00067_17_08_17_0616.jpg,-.0994,-117.8511
r00067_17_08_17_0617.jpg,-.1562,-235.7023
r00067_17_08_17_0618.jpg,-.1671,-353.5534
